Type,Local Number,Message,Field 1,Value 1,Units 1,Field 2,Value 2,Units 2,Field 3,Value 3,Units 3,Field 4,Value 4,Units 4,Field 5,Value 5,Units 5,Field 6,Value 6,Units 6,Field 7,Value 7,Units 7,Field 8,Value 8,Units 8,Field 9,Value 9,Units 9,Field 10,Value 10,Units 10,Field 11,Value 11,Units 11,
Data,3,record,timestamp,"1098887370",s,position_lat,"-138867040",semicircles,position_long,"1991766400",semicircles,distance,"0.6",m,heart_rate,"72",bpm,altitude,"8.800000000000011",m,speed,"0.91",m/s,power,"43",watts,cadence,"14",rpm,enhanced_altitude,"8.800000000000011",m,enhanced_speed,"0.91",m/s,
Data,3,record,timestamp,"1098887371",s,position_lat,"-138866992",semicircles,position_long,"1991766400",semicircles,distance,"1.23",m,heart_rate,"72",bpm,altitude,"8.800000000000011",m,speed,"1.322",m/s,power,"43",watts,cadence,"20",rpm,enhanced_altitude,"8.800000000000011",m,enhanced_speed,"1.322",m/s,
Data,3,record,timestamp,"1098887372",s,position_lat,"-138866880",semicircles,position_long,"1991766528",semicircles,distance,"2.97",m,heart_rate,"72",bpm,altitude,"8.800000000000011",m,speed,"2.111",m/s,power,"90",watts,cadence,"1",rpm,enhanced_altitude,"8.800000000000011",m,enhanced_speed,"2.111",m/s,
Data,3,record,timestamp,"1098887373",s,position_lat,"-138866720",semicircles,position_long,"1991766656",semicircles,distance,"5.43",m,heart_rate,"72",bpm,altitude,"8.600000000000023",m,speed,"2.81",m/s,power,"90",watts,cadence,"1",rpm,enhanced_altitude,"8.600000000000023",m,enhanced_speed,"2.81",m/s,
Data,3,record,timestamp,"1098887374",s,position_lat,"-138866512",semicircles,position_long,"1991766912",semicircles,distance,"8.55",m,heart_rate,"73",bpm,altitude,"8.600000000000023",m,speed,"3.46",m/s,power,"220",watts,cadence,"64",rpm,enhanced_altitude,"8.600000000000023",m,enhanced_speed,"3.46",m/s,
Data,3,record,timestamp,"1098887375",s,position_lat,"-138866256",semicircles,position_long,"1991767296",semicircles,distance,"12.54",m,heart_rate,"74",bpm,altitude,"8.399999999999977",m,speed,"4.404",m/s,power,"220",watts,cadence,"53",rpm,enhanced_altitude,"8.399999999999977",m,enhanced_speed,"4.404",m/s,
Data,3,record,timestamp,"1098887376",s,position_lat,"-138865968",semicircles,position_long,"1991767808",semicircles,distance,"17.33",m,heart_rate,"74",bpm,altitude,"8.399999999999977",m,speed,"5.154",m/s,power,"199",watts,cadence,"53",rpm,enhanced_altitude,"8.399999999999977",m,enhanced_speed,"5.154",m/s,
Data,3,record,timestamp,"1098887377",s,position_lat,"-138865632",semicircles,position_long,"1991768192",semicircles,distance,"22.75",m,heart_rate,"74",bpm,altitude,"8.199999999999989",m,speed,"5.789",m/s,power,"211",watts,cadence,"65",rpm,enhanced_altitude,"8.199999999999989",m,enhanced_speed,"5.789",m/s,
Data,3,record,timestamp,"1098887378",s,position_lat,"-138865248",semicircles,position_long,"1991768704",semicircles,distance,"28.95",m,heart_rate,"74",bpm,altitude,"8.0",m,speed,"6.439",m/s,power,"211",watts,cadence,"65",rpm,enhanced_altitude,"8.0",m,enhanced_speed,"6.439",m/s,
Data,3,record,timestamp,"1098887379",s,position_lat,"-138864848",semicircles,position_long,"1991769472",semicircles,distance,"35.56",m,heart_rate,"74",bpm,altitude,"7.800000000000011",m,speed,"6.984",m/s,power,"159",watts,cadence,"74",rpm,enhanced_altitude,"7.800000000000011",m,enhanced_speed,"6.984",m/s,
Data,3,record,timestamp,"1098887380",s,position_lat,"-138864400",semicircles,position_long,"1991769984",semicircles,distance,"42.91",m,heart_rate,"75",bpm,altitude,"7.399999999999977",m,speed,"7.48",m/s,power,"159",watts,cadence,"74",rpm,enhanced_altitude,"7.399999999999977",m,enhanced_speed,"7.48",m/s,
Data,3,record,timestamp,"1098887381",s,position_lat,"-138863888",semicircles,position_long,"1991770752",semicircles,distance,"50.64",m,heart_rate,"76",bpm,altitude,"7.199999999999989",m,speed,"7.931",m/s,power,"140",watts,cadence,"77",rpm,enhanced_altitude,"7.199999999999989",m,enhanced_speed,"7.931",m/s,
Data,3,record,timestamp,"1098887382",s,position_lat,"-138863328",semicircles,position_long,"1991771264",semicircles,distance,"58.62",m,heart_rate,"77",bpm,altitude,"7.0",m,speed,"8.316",m/s,power,"140",watts,cadence,"77",rpm,enhanced_altitude,"7.0",m,enhanced_speed,"8.316",m/s,
Data,3,record,timestamp,"1098887383",s,position_lat,"-138862672",semicircles,position_long,"1991772032",semicircles,distance,"67.16",m,heart_rate,"78",bpm,altitude,"6.600000000000023",m,speed,"8.651",m/s,power,"129",watts,cadence,"80",rpm,enhanced_altitude,"6.600000000000023",m,enhanced_speed,"8.651",m/s,
Data,3,record,timestamp,"1098887384",s,position_lat,"-138861936",semicircles,position_long,"1991772544",semicircles,distance,"76.08",m,heart_rate,"79",bpm,altitude,"6.399999999999977",m,speed,"8.966",m/s,power,"129",watts,cadence,"80",rpm,enhanced_altitude,"6.399999999999977",m,enhanced_speed,"8.966",m/s,
Data,3,record,timestamp,"1098887385",s,position_lat,"-138861136",semicircles,position_long,"1991773312",semicircles,distance,"85.12",m,heart_rate,"80",bpm,altitude,"6.0",m,speed,"9.222",m/s,power,"120",watts,cadence,"80",rpm,enhanced_altitude,"6.0",m,enhanced_speed,"9.222",m/s,
Data,3,record,timestamp,"1098887386",s,position_lat,"-138860288",semicircles,position_long,"1991773824",semicircles,distance,"94.53",m,heart_rate,"82",bpm,altitude,"5.800000000000011",m,speed,"9.466",m/s,power,"147",watts,cadence,"83",rpm,enhanced_altitude,"5.800000000000011",m,enhanced_speed,"9.466",m/s,
Data,3,record,timestamp,"1098887387",s,position_lat,"-138859392",semicircles,position_long,"1991774336",semicircles,distance,"104.12",m,heart_rate,"83",bpm,altitude,"5.600000000000023",m,speed,"9.686",m/s,power,"147",watts,cadence,"83",rpm,enhanced_altitude,"5.600000000000023",m,enhanced_speed,"9.686",m/s,
Data,3,record,timestamp,"1098887388",s,position_lat,"-138858480",semicircles,position_long,"1991774720",semicircles,distance,"113.91",m,heart_rate,"84",bpm,altitude,"5.199999999999989",m,speed,"9.91",m/s,power,"211",watts,cadence,"87",rpm,enhanced_altitude,"5.199999999999989",m,enhanced_speed,"9.91",m/s,
Data,3,record,timestamp,"1098887389",s,position_lat,"-138857536",semicircles,position_long,"1991775232",semicircles,distance,"123.95",m,heart_rate,"85",bpm,altitude,"5.0",m,speed,"10.17",m/s,power,"211",watts,cadence,"87",rpm,enhanced_altitude,"5.0",m,enhanced_speed,"10.17",m/s,
Data,3,record,timestamp,"1098887390",s,position_lat,"-138856528",semicircles,position_long,"1991775744",semicircles,distance,"134.22",m,heart_rate,"86",bpm,altitude,"4.800000000000011",m,speed,"10.363",m/s,power,"137",watts,cadence,"88",rpm,enhanced_altitude,"4.800000000000011",m,enhanced_speed,"10.363",m/s,
Data,3,record,timestamp,"1098887391",s,position_lat,"-138855488",semicircles,position_long,"1991776128",semicircles,distance,"144.67",m,heart_rate,"86",bpm,altitude,"4.600000000000023",m,speed,"10.536",m/s,power,"137",watts,cadence,"88",rpm,enhanced_altitude,"4.600000000000023",m,enhanced_speed,"10.536",m/s,
Data,3,record,timestamp,"1098887392",s,position_lat,"-138854432",semicircles,position_long,"1991776768",semicircles,distance,"155.29",m,heart_rate,"87",bpm,altitude,"4.399999999999977",m,speed,"10.685",m/s,power,"126",watts,cadence,"88",rpm,enhanced_altitude,"4.399999999999977",m,enhanced_speed,"10.685",m/s,
Data,3,record,timestamp,"1098887393",s,position_lat,"-138853360",semicircles,position_long,"1991777024",semicircles,distance,"165.88",m,heart_rate,"87",bpm,altitude,"4.199999999999989",m,speed,"10.777",m/s,power,"123",watts,cadence,"88",rpm,enhanced_altitude,"4.199999999999989",m,enhanced_speed,"10.777",m/s,
Data,3,record,timestamp,"1098887394",s,position_lat,"-138852240",semicircles,position_long,"1991777408",semicircles,distance,"176.81",m,heart_rate,"88",bpm,altitude,"3.8000000000000114",m,speed,"10.85",m/s,power,"125",watts,cadence,"89",rpm,enhanced_altitude,"3.8000000000000114",m,enhanced_speed,"10.85",m/s,
Data,3,record,timestamp,"1098887395",s,position_lat,"-138851152",semicircles,position_long,"1991777792",semicircles,distance,"187.59",m,heart_rate,"88",bpm,altitude,"3.6000000000000227",m,speed,"10.932",m/s,power,"126",watts,cadence,"90",rpm,enhanced_altitude,"3.6000000000000227",m,enhanced_speed,"10.932",m/s,
Data,3,record,timestamp,"1098887396",s,position_lat,"-138850016",semicircles,position_long,"1991778176",semicircles,distance,"198.71",m,heart_rate,"88",bpm,altitude,"3.3999999999999773",m,speed,"10.986",m/s,power,"126",watts,cadence,"90",rpm,enhanced_altitude,"3.3999999999999773",m,enhanced_speed,"10.986",m/s,
Data,3,record,timestamp,"1098887397",s,position_lat,"-138848912",semicircles,position_long,"1991778688",semicircles,distance,"209.7",m,heart_rate,"88",bpm,altitude,"3.1999999999999886",m,speed,"11.011",m/s,power,"96",watts,cadence,"88",rpm,enhanced_altitude,"3.1999999999999886",m,enhanced_speed,"11.011",m/s,
Data,3,record,timestamp,"1098887398",s,position_lat,"-138847792",semicircles,position_long,"1991779072",semicircles,distance,"220.6",m,heart_rate,"89",bpm,altitude,"3.0",m,speed,"11.016",m/s,power,"96",watts,cadence,"88",rpm,enhanced_altitude,"3.0",m,enhanced_speed,"11.016",m/s,
Data,3,record,timestamp,"1098887399",s,position_lat,"-138846672",semicircles,position_long,"1991779456",semicircles,distance,"231.69",m,heart_rate,"89",bpm,altitude,"2.8000000000000114",m,speed,"11.028",m/s,power,"110",watts,cadence,"87",rpm,enhanced_altitude,"2.8000000000000114",m,enhanced_speed,"11.028",m/s,
Data,3,record,timestamp,"1098887400",s,position_lat,"-138845568",semicircles,position_long,"1991779840",semicircles,distance,"242.59",m,heart_rate,"89",bpm,altitude,"2.6000000000000227",m,speed,"11.036",m/s,power,"110",watts,cadence,"87",rpm,enhanced_altitude,"2.6000000000000227",m,enhanced_speed,"11.036",m/s,
Data,3,record,timestamp,"1098887401",s,position_lat,"-138844448",semicircles,position_long,"1991780352",semicircles,distance,"253.71",m,heart_rate,"89",bpm,altitude,"2.3999999999999773",m,speed,"11.055",m/s,power,"113",watts,cadence,"88",rpm,enhanced_altitude,"2.3999999999999773",m,enhanced_speed,"11.055",m/s,
Data,3,record,timestamp,"1098887402",s,position_lat,"-138843328",semicircles,position_long,"1991780736",semicircles,distance,"264.89",m,heart_rate,"90",bpm,altitude,"2.1999999999999886",m,speed,"11.097",m/s,power,"113",watts,cadence,"87",rpm,enhanced_altitude,"2.1999999999999886",m,enhanced_speed,"11.097",m/s,
Data,3,record,timestamp,"1098887403",s,position_lat,"-138842224",semicircles,position_long,"1991781248",semicircles,distance,"275.93",m,heart_rate,"91",bpm,altitude,"2.0",m,speed,"11.157",m/s,power,"129",watts,cadence,"87",rpm,enhanced_altitude,"2.0",m,enhanced_speed,"11.157",m/s,
Data,3,record,timestamp,"1098887404",s,position_lat,"-138841120",semicircles,position_long,"1991781632",semicircles,distance,"287.2",m,heart_rate,"91",bpm,altitude,"1.8000000000000114",m,speed,"11.164",m/s,power,"135",watts,cadence,"88",rpm,enhanced_altitude,"1.8000000000000114",m,enhanced_speed,"11.164",m/s,
Data,3,record,timestamp,"1098887405",s,position_lat,"-138840048",semicircles,position_long,"1991782144",semicircles,distance,"298.23",m,heart_rate,"92",bpm,altitude,"1.8000000000000114",m,speed,"11.123",m/s,power,"113",watts,cadence,"87",rpm,enhanced_altitude,"1.8000000000000114",m,enhanced_speed,"11.123",m/s,
Data,3,record,timestamp,"1098887406",s,position_lat,"-138838992",semicircles,position_long,"1991782912",semicircles,distance,"309.47",m,heart_rate,"94",bpm,altitude,"1.6000000000000227",m,speed,"11.19",m/s,power,"188",watts,cadence,"83",rpm,enhanced_altitude,"1.6000000000000227",m,enhanced_speed,"11.19",m/s,
Data,3,record,timestamp,"1098887407",s,position_lat,"-138837968",semicircles,position_long,"1991783424",semicircles,distance,"320.56",m,heart_rate,"95",bpm,altitude,"1.6000000000000227",m,speed,"11.209",m/s,power,"188",watts,cadence,"83",rpm,enhanced_altitude,"1.6000000000000227",m,enhanced_speed,"11.209",m/s,
Data,3,record,timestamp,"1098887408",s,position_lat,"-138836944",semicircles,position_long,"1991784192",semicircles,distance,"331.82",m,heart_rate,"95",bpm,altitude,"1.3999999999999773",m,speed,"11.205",m/s,power,"186",watts,cadence,"84",rpm,enhanced_altitude,"1.3999999999999773",m,enhanced_speed,"11.205",m/s,
Data,3,record,timestamp,"1098887409",s,position_lat,"-138835920",semicircles,position_long,"1991784704",semicircles,distance,"343.01",m,heart_rate,"96",bpm,altitude,"1.3999999999999773",m,speed,"11.284",m/s,power,"186",watts,cadence,"84",rpm,enhanced_altitude,"1.3999999999999773",m,enhanced_speed,"11.284",m/s,
Data,3,record,timestamp,"1098887410",s,position_lat,"-138834896",semicircles,position_long,"1991785472",semicircles,distance,"354.34",m,heart_rate,"97",bpm,altitude,"1.3999999999999773",m,speed,"11.329",m/s,power,"183",watts,cadence,"85",rpm,enhanced_altitude,"1.3999999999999773",m,enhanced_speed,"11.329",m/s,
Data,3,record,timestamp,"1098887411",s,position_lat,"-138833872",semicircles,position_long,"1991786240",semicircles,distance,"365.74",m,heart_rate,"98",bpm,altitude,"1.1999999999999886",m,speed,"11.315",m/s,power,"183",watts,cadence,"85",rpm,enhanced_altitude,"1.1999999999999886",m,enhanced_speed,"11.315",m/s,
Data,3,record,timestamp,"1098887412",s,position_lat,"-138832880",semicircles,position_long,"1991786880",semicircles,distance,"376.89",m,heart_rate,"99",bpm,altitude,"1.1999999999999886",m,speed,"11.213",m/s,power,"132",watts,cadence,"84",rpm,enhanced_altitude,"1.1999999999999886",m,enhanced_speed,"11.213",m/s,
Data,3,record,timestamp,"1098887413",s,position_lat,"-138831904",semicircles,position_long,"1991787648",semicircles,distance,"388.18",m,heart_rate,"100",bpm,altitude,"1.1999999999999886",m,speed,"11.245",m/s,power,"343",watts,cadence,"72",rpm,enhanced_altitude,"1.1999999999999886",m,enhanced_speed,"11.245",m/s,
Data,3,record,timestamp,"1098887414",s,position_lat,"-138830912",semicircles,position_long,"1991788416",semicircles,distance,"399.43",m,heart_rate,"102",bpm,altitude,"1.1999999999999886",m,speed,"11.358",m/s,power,"343",watts,cadence,"72",rpm,enhanced_altitude,"1.1999999999999886",m,enhanced_speed,"11.358",m/s,
Data,3,record,timestamp,"1098887415",s,position_lat,"-138829936",semicircles,position_long,"1991789056",semicircles,distance,"410.83",m,heart_rate,"103",bpm,altitude,"1.3999999999999773",m,speed,"11.401",m/s,power,"258",watts,cadence,"68",rpm,enhanced_altitude,"1.3999999999999773",m,enhanced_speed,"11.401",m/s,
Data,3,record,timestamp,"1098887416",s,position_lat,"-138828976",semicircles,position_long,"1991789824",semicircles,distance,"422.3",m,heart_rate,"105",bpm,altitude,"1.3999999999999773",m,speed,"11.401",m/s,power,"231",watts,cadence,"69",rpm,enhanced_altitude,"1.3999999999999773",m,enhanced_speed,"11.401",m/s,
Data,3,record,timestamp,"1098887417",s,position_lat,"-138828048",semicircles,position_long,"1991790592",semicircles,distance,"433.68",m,heart_rate,"106",bpm,altitude,"1.3999999999999773",m,speed,"11.244",m/s,power,"135",watts,cadence,"75",rpm,enhanced_altitude,"1.3999999999999773",m,enhanced_speed,"11.244",m/s,
Data,3,record,timestamp,"1098887418",s,position_lat,"-138827136",semicircles,position_long,"1991791488",semicircles,distance,"444.87",m,heart_rate,"107",bpm,altitude,"1.3999999999999773",m,speed,"11.154",m/s,power,"135",watts,cadence,"75",rpm,enhanced_altitude,"1.3999999999999773",m,enhanced_speed,"11.154",m/s,
Data,3,record,timestamp,"1098887419",s,position_lat,"-138826288",semicircles,position_long,"1991792384",semicircles,distance,"455.89",m,heart_rate,"109",bpm,altitude,"1.3999999999999773",m,speed,"11.071",m/s,power,"216",watts,cadence,"84",rpm,enhanced_altitude,"1.3999999999999773",m,enhanced_speed,"11.071",m/s,
Data,3,record,timestamp,"1098887420",s,position_lat,"-138825456",semicircles,position_long,"1991793152",semicircles,distance,"467.05",m,heart_rate,"109",bpm,altitude,"1.3999999999999773",m,speed,"11.097",m/s,power,"216",watts,cadence,"84",rpm,enhanced_altitude,"1.3999999999999773",m,enhanced_speed,"11.097",m/s,
Data,3,record,timestamp,"1098887421",s,position_lat,"-138824656",semicircles,position_long,"1991794048",semicircles,distance,"478.09",m,heart_rate,"110",bpm,altitude,"1.3999999999999773",m,speed,"11.073",m/s,power,"171",watts,cadence,"84",rpm,enhanced_altitude,"1.3999999999999773",m,enhanced_speed,"11.073",m/s,
Data,3,record,timestamp,"1098887422",s,position_lat,"-138823904",semicircles,position_long,"1991794944",semicircles,distance,"489.1",m,heart_rate,"111",bpm,altitude,"1.6000000000000227",m,speed,"11.024",m/s,power,"187",watts,cadence,"84",rpm,enhanced_altitude,"1.6000000000000227",m,enhanced_speed,"11.024",m/s,
Data,3,record,timestamp,"1098887423",s,position_lat,"-138823200",semicircles,position_long,"1991795968",semicircles,distance,"500.16",m,heart_rate,"112",bpm,altitude,"1.6000000000000227",m,speed,"10.989",m/s,power,"187",watts,cadence,"84",rpm,enhanced_altitude,"1.6000000000000227",m,enhanced_speed,"10.989",m/s,
Data,3,record,timestamp,"1098887424",s,position_lat,"-138822576",semicircles,position_long,"1991796864",semicircles,distance,"510.98",m,heart_rate,"113",bpm,altitude,"1.6000000000000227",m,speed,"10.934",m/s,power,"171",watts,cadence,"84",rpm,enhanced_altitude,"1.6000000000000227",m,enhanced_speed,"10.934",m/s,
Data,3,record,timestamp,"1098887425",s,position_lat,"-138821984",semicircles,position_long,"1991798016",semicircles,distance,"522.02",m,heart_rate,"113",bpm,altitude,"1.6000000000000227",m,speed,"10.901",m/s,power,"171",watts,cadence,"84",rpm,enhanced_altitude,"1.6000000000000227",m,enhanced_speed,"10.901",m/s,
Data,3,record,timestamp,"1098887426",s,position_lat,"-138821424",semicircles,position_long,"1991799168",semicircles,distance,"532.92",m,heart_rate,"114",bpm,altitude,"1.6000000000000227",m,speed,"10.838",m/s,power,"173",watts,cadence,"83",rpm,enhanced_altitude,"1.6000000000000227",m,enhanced_speed,"10.838",m/s,
Data,3,record,timestamp,"1098887427",s,position_lat,"-138820912",semicircles,position_long,"1991800064",semicircles,distance,"543.66",m,heart_rate,"114",bpm,altitude,"1.6000000000000227",m,speed,"10.816",m/s,power,"173",watts,cadence,"83",rpm,enhanced_altitude,"1.6000000000000227",m,enhanced_speed,"10.816",m/s,
Data,3,record,timestamp,"1098887428",s,position_lat,"-138820400",semicircles,position_long,"1991801088",semicircles,distance,"554.56",m,heart_rate,"114",bpm,altitude,"1.6000000000000227",m,speed,"10.785",m/s,power,"155",watts,cadence,"83",rpm,enhanced_altitude,"1.6000000000000227",m,enhanced_speed,"10.785",m/s,
Data,3,record,timestamp,"1098887429",s,position_lat,"-138819936",semicircles,position_long,"1991802240",semicircles,distance,"565.19",m,heart_rate,"115",bpm,altitude,"1.6000000000000227",m,speed,"10.752",m/s,power,"155",watts,cadence,"83",rpm,enhanced_altitude,"1.6000000000000227",m,enhanced_speed,"10.752",m/s,
Data,3,record,timestamp,"1098887430",s,position_lat,"-138819456",semicircles,position_long,"1991803264",semicircles,distance,"576.06",m,heart_rate,"115",bpm,altitude,"1.6000000000000227",m,speed,"10.712",m/s,power,"174",watts,cadence,"82",rpm,enhanced_altitude,"1.6000000000000227",m,enhanced_speed,"10.712",m/s,
Data,3,record,timestamp,"1098887431",s,position_lat,"-138819024",semicircles,position_long,"1991804416",semicircles,distance,"586.76",m,heart_rate,"115",bpm,altitude,"1.6000000000000227",m,speed,"10.6",m/s,power,"161",watts,cadence,"82",rpm,enhanced_altitude,"1.6000000000000227",m,enhanced_speed,"10.6",m/s,
Data,3,record,timestamp,"1098887432",s,position_lat,"-138818624",semicircles,position_long,"1991805440",semicircles,distance,"597.3",m,heart_rate,"115",bpm,altitude,"1.6000000000000227",m,speed,"10.491",m/s,power,"161",watts,cadence,"82",rpm,enhanced_altitude,"1.6000000000000227",m,enhanced_speed,"10.491",m/s,
Data,3,record,timestamp,"1098887433",s,position_lat,"-138818240",semicircles,position_long,"1991806592",semicircles,distance,"607.6",m,heart_rate,"115",bpm,altitude,"1.6000000000000227",m,speed,"10.394",m/s,power,"185",watts,cadence,"82",rpm,enhanced_altitude,"1.6000000000000227",m,enhanced_speed,"10.394",m/s,
Data,3,record,timestamp,"1098887434",s,position_lat,"-138817920",semicircles,position_long,"1991807616",semicircles,distance,"617.95",m,heart_rate,"115",bpm,altitude,"1.6000000000000227",m,speed,"10.327",m/s,power,"185",watts,cadence,"82",rpm,enhanced_altitude,"1.6000000000000227",m,enhanced_speed,"10.327",m/s,
Data,3,record,timestamp,"1098887435",s,position_lat,"-138817600",semicircles,position_long,"1991808768",semicircles,distance,"628.24",m,heart_rate,"115",bpm,altitude,"1.6000000000000227",m,speed,"10.279",m/s,power,"197",watts,cadence,"82",rpm,enhanced_altitude,"1.6000000000000227",m,enhanced_speed,"10.279",m/s,
Data,3,record,timestamp,"1098887436",s,position_lat,"-138817328",semicircles,position_long,"1991809792",semicircles,distance,"638.65",m,heart_rate,"116",bpm,altitude,"1.6000000000000227",m,speed,"10.208",m/s,power,"174",watts,cadence,"82",rpm,enhanced_altitude,"1.6000000000000227",m,enhanced_speed,"10.208",m/s,
Data,3,record,timestamp,"1098887437",s,position_lat,"-138817104",semicircles,position_long,"1991810944",semicircles,distance,"648.73",m,heart_rate,"116",bpm,altitude,"1.6000000000000227",m,speed,"10.184",m/s,power,"174",watts,cadence,"82",rpm,enhanced_altitude,"1.6000000000000227",m,enhanced_speed,"10.184",m/s,
Data,3,record,timestamp,"1098887438",s,position_lat,"-138816928",semicircles,position_long,"1991811968",semicircles,distance,"659.02",m,heart_rate,"116",bpm,altitude,"1.6000000000000227",m,speed,"10.166",m/s,power,"176",watts,cadence,"82",rpm,enhanced_altitude,"1.6000000000000227",m,enhanced_speed,"10.166",m/s,
Data,3,record,timestamp,"1098887439",s,position_lat,"-138816816",semicircles,position_long,"1991813120",semicircles,distance,"669.1",m,heart_rate,"117",bpm,altitude,"1.6000000000000227",m,speed,"10.169",m/s,power,"176",watts,cadence,"82",rpm,enhanced_altitude,"1.6000000000000227",m,enhanced_speed,"10.169",m/s,
Data,3,record,timestamp,"1098887440",s,position_lat,"-138816736",semicircles,position_long,"1991814272",semicircles,distance,"679.19",m,heart_rate,"118",bpm,altitude,"1.6000000000000227",m,speed,"10.165",m/s,power,"178",watts,cadence,"81",rpm,enhanced_altitude,"1.6000000000000227",m,enhanced_speed,"10.165",m/s,
Data,3,record,timestamp,"1098887441",s,position_lat,"-138816752",semicircles,position_long,"1991815296",semicircles,distance,"689.39",m,heart_rate,"118",bpm,altitude,"1.6000000000000227",m,speed,"10.174",m/s,power,"178",watts,cadence,"81",rpm,enhanced_altitude,"1.6000000000000227",m,enhanced_speed,"10.174",m/s,
Data,3,record,timestamp,"1098887442",s,position_lat,"-138816832",semicircles,position_long,"1991816448",semicircles,distance,"699.52",m,heart_rate,"119",bpm,altitude,"1.6000000000000227",m,speed,"10.162",m/s,power,"166",watts,cadence,"82",rpm,enhanced_altitude,"1.6000000000000227",m,enhanced_speed,"10.162",m/s,
Data,3,record,timestamp,"1098887443",s,position_lat,"-138816976",semicircles,position_long,"1991817472",semicircles,distance,"709.68",m,heart_rate,"120",bpm,altitude,"1.6000000000000227",m,speed,"10.118",m/s,power,"166",watts,cadence,"82",rpm,enhanced_altitude,"1.6000000000000227",m,enhanced_speed,"10.118",m/s,
Data,3,record,timestamp,"1098887444",s,position_lat,"-138817232",semicircles,position_long,"1991818624",semicircles,distance,"719.86",m,heart_rate,"120",bpm,altitude,"1.6000000000000227",m,speed,"10.076",m/s,power,"192",watts,cadence,"81",rpm,enhanced_altitude,"1.6000000000000227",m,enhanced_speed,"10.076",m/s,
Data,3,record,timestamp,"1098887445",s,position_lat,"-138817568",semicircles,position_long,"1991819648",semicircles,distance,"730.0",m,heart_rate,"121",bpm,altitude,"1.6000000000000227",m,speed,"10.071",m/s,power,"192",watts,cadence,"81",rpm,enhanced_altitude,"1.6000000000000227",m,enhanced_speed,"10.071",m/s,
Data,3,record,timestamp,"1098887446",s,position_lat,"-138818000",semicircles,position_long,"1991820544",semicircles,distance,"739.95",m,heart_rate,"122",bpm,altitude,"1.6000000000000227",m,speed,"10.066",m/s,power,"188",watts,cadence,"82",rpm,enhanced_altitude,"1.6000000000000227",m,enhanced_speed,"10.066",m/s,
Data,3,record,timestamp,"1098887447",s,position_lat,"-138818576",semicircles,position_long,"1991821440",semicircles,distance,"749.99",m,heart_rate,"122",bpm,altitude,"1.6000000000000227",m,speed,"10.058",m/s,power,"188",watts,cadence,"83",rpm,enhanced_altitude,"1.6000000000000227",m,enhanced_speed,"10.058",m/s,
Data,3,record,timestamp,"1098887448",s,position_lat,"-138819216",semicircles,position_long,"1991822464",semicircles,distance,"760.01",m,heart_rate,"122",bpm,altitude,"1.6000000000000227",m,speed,"10.049",m/s,power,"186",watts,cadence,"83",rpm,enhanced_altitude,"1.6000000000000227",m,enhanced_speed,"10.049",m/s,
Data,3,record,timestamp,"1098887449",s,position_lat,"-138819952",semicircles,position_long,"1991823360",semicircles,distance,"770.14",m,heart_rate,"123",bpm,altitude,"1.6000000000000227",m,speed,"10.038",m/s,power,"174",watts,cadence,"83",rpm,enhanced_altitude,"1.6000000000000227",m,enhanced_speed,"10.038",m/s,
Data,3,record,timestamp,"1098887450",s,position_lat,"-138820720",semicircles,position_long,"1991824000",semicircles,distance,"780.26",m,heart_rate,"123",bpm,altitude,"1.6000000000000227",m,speed,"10.015",m/s,power,"174",watts,cadence,"83",rpm,enhanced_altitude,"1.6000000000000227",m,enhanced_speed,"10.015",m/s,
Data,3,record,timestamp,"1098887451",s,position_lat,"-138821488",semicircles,position_long,"1991824768",semicircles,distance,"790.08",m,heart_rate,"122",bpm,altitude,"1.6000000000000227",m,speed,"9.983",m/s,power,"185",watts,cadence,"82",rpm,enhanced_altitude,"1.6000000000000227",m,enhanced_speed,"9.983",m/s,
Data,3,record,timestamp,"1098887452",s,position_lat,"-138822304",semicircles,position_long,"1991825536",semicircles,distance,"800.22",m,heart_rate,"122",bpm,altitude,"1.6000000000000227",m,speed,"9.978",m/s,power,"185",watts,cadence,"82",rpm,enhanced_altitude,"1.6000000000000227",m,enhanced_speed,"9.978",m/s,
Data,3,record,timestamp,"1098887453",s,position_lat,"-138823136",semicircles,position_long,"1991826176",semicircles,distance,"810.19",m,heart_rate,"121",bpm,altitude,"1.6000000000000227",m,speed,"9.955",m/s,power,"129",watts,cadence,"82",rpm,enhanced_altitude,"1.6000000000000227",m,enhanced_speed,"9.955",m/s,
Data,3,record,timestamp,"1098887454",s,position_lat,"-138823952",semicircles,position_long,"1991826816",semicircles,distance,"819.96",m,heart_rate,"121",bpm,altitude,"1.6000000000000227",m,speed,"9.882",m/s,power,"129",watts,cadence,"82",rpm,enhanced_altitude,"1.6000000000000227",m,enhanced_speed,"9.882",m/s,
Data,3,record,timestamp,"1098887455",s,position_lat,"-138824816",semicircles,position_long,"1991827456",semicircles,distance,"829.98",m,heart_rate,"120",bpm,altitude,"1.6000000000000227",m,speed,"9.835",m/s,power,"145",watts,cadence,"91",rpm,enhanced_altitude,"1.6000000000000227",m,enhanced_speed,"9.835",m/s,
Data,3,record,timestamp,"1098887456",s,position_lat,"-138825664",semicircles,position_long,"1991828224",semicircles,distance,"839.8",m,heart_rate,"119",bpm,altitude,"1.6000000000000227",m,speed,"9.788",m/s,power,"145",watts,cadence,"91",rpm,enhanced_altitude,"1.6000000000000227",m,enhanced_speed,"9.788",m/s,
Data,3,record,timestamp,"1098887457",s,position_lat,"-138826512",semicircles,position_long,"1991828736",semicircles,distance,"849.57",m,heart_rate,"118",bpm,altitude,"1.6000000000000227",m,speed,"9.753",m/s,power,"152",watts,cadence,"91",rpm,enhanced_altitude,"1.6000000000000227",m,enhanced_speed,"9.753",m/s,
Data,3,record,timestamp,"1098887458",s,position_lat,"-138827360",semicircles,position_long,"1991829376",semicircles,distance,"859.17",m,heart_rate,"116",bpm,altitude,"1.6000000000000227",m,speed,"9.697",m/s,power,"155",watts,cadence,"90",rpm,enhanced_altitude,"1.6000000000000227",m,enhanced_speed,"9.697",m/s,
Data,3,record,timestamp,"1098887459",s,position_lat,"-138828208",semicircles,position_long,"1991830016",semicircles,distance,"868.82",m,heart_rate,"115",bpm,altitude,"1.6000000000000227",m,speed,"9.687",m/s,power,"155",watts,cadence,"90",rpm,enhanced_altitude,"1.6000000000000227",m,enhanced_speed,"9.687",m/s,
Data,3,record,timestamp,"1098887460",s,position_lat,"-138829072",semicircles,position_long,"1991830656",semicircles,distance,"878.68",m,heart_rate,"115",bpm,altitude,"1.6000000000000227",m,speed,"9.694",m/s,power,"155",watts,cadence,"91",rpm,enhanced_altitude,"1.6000000000000227",m,enhanced_speed,"9.694",m/s,
Data,3,record,timestamp,"1098887461",s,position_lat,"-138829936",semicircles,position_long,"1991831168",semicircles,distance,"888.36",m,heart_rate,"114",bpm,altitude,"1.6000000000000227",m,speed,"9.698",m/s,power,"155",watts,cadence,"91",rpm,enhanced_altitude,"1.6000000000000227",m,enhanced_speed,"9.698",m/s,
Data,3,record,timestamp,"1098887462",s,position_lat,"-138830800",semicircles,position_long,"1991831936",semicircles,distance,"898.06",m,heart_rate,"114",bpm,altitude,"1.6000000000000227",m,speed,"9.69",m/s,power,"135",watts,cadence,"90",rpm,enhanced_altitude,"1.6000000000000227",m,enhanced_speed,"9.69",m/s,
Data,3,record,timestamp,"1098887463",s,position_lat,"-138831648",semicircles,position_long,"1991832448",semicircles,distance,"907.74",m,heart_rate,"113",bpm,altitude,"1.6000000000000227",m,speed,"9.664",m/s,power,"135",watts,cadence,"89",rpm,enhanced_altitude,"1.6000000000000227",m,enhanced_speed,"9.664",m/s,
Data,3,record,timestamp,"1098887464",s,position_lat,"-138832496",semicircles,position_long,"1991832960",semicircles,distance,"917.38",m,heart_rate,"113",bpm,altitude,"1.6000000000000227",m,speed,"9.612",m/s,power,"139",watts,cadence,"89",rpm,enhanced_altitude,"1.6000000000000227",m,enhanced_speed,"9.612",m/s,
Data,3,record,timestamp,"1098887465",s,position_lat,"-138833328",semicircles,position_long,"1991833728",semicircles,distance,"926.87",m,heart_rate,"113",bpm,altitude,"1.6000000000000227",m,speed,"9.565",m/s,power,"139",watts,cadence,"89",rpm,enhanced_altitude,"1.6000000000000227",m,enhanced_speed,"9.565",m/s,
Data,3,record,timestamp,"1098887466",s,position_lat,"-138834176",semicircles,position_long,"1991834240",semicircles,distance,"936.38",m,heart_rate,"113",bpm,altitude,"1.6000000000000227",m,speed,"9.572",m/s,power,"165",watts,cadence,"89",rpm,enhanced_altitude,"1.6000000000000227",m,enhanced_speed,"9.572",m/s,
Data,3,record,timestamp,"1098887467",s,position_lat,"-138835008",semicircles,position_long,"1991834752",semicircles,distance,"946.08",m,heart_rate,"112",bpm,altitude,"1.6000000000000227",m,speed,"9.618",m/s,power,"160",watts,cadence,"89",rpm,enhanced_altitude,"1.6000000000000227",m,enhanced_speed,"9.618",m/s,
Data,3,record,timestamp,"1098887468",s,position_lat,"-138835840",semicircles,position_long,"1991835520",semicircles,distance,"955.71",m,heart_rate,"112",bpm,altitude,"1.6000000000000227",m,speed,"9.668",m/s,power,"160",watts,cadence,"89",rpm,enhanced_altitude,"1.6000000000000227",m,enhanced_speed,"9.668",m/s,
Data,3,record,timestamp,"1098887469",s,position_lat,"-138836672",semicircles,position_long,"1991836288",semicircles,distance,"965.4",m,heart_rate,"111",bpm,altitude,"1.6000000000000227",m,speed,"9.673",m/s,power,"126",watts,cadence,"89",rpm,enhanced_altitude,"1.6000000000000227",m,enhanced_speed,"9.673",m/s,
Data,3,record,timestamp,"1098887470",s,position_lat,"-138837456",semicircles,position_long,"1991836800",semicircles,distance,"975.05",m,heart_rate,"111",bpm,altitude,"1.6000000000000227",m,speed,"9.67",m/s,power,"126",watts,cadence,"89",rpm,enhanced_altitude,"1.6000000000000227",m,enhanced_speed,"9.67",m/s,
Data,3,record,timestamp,"1098887471",s,position_lat,"-138838192",semicircles,position_long,"1991837568",semicircles,distance,"984.75",m,heart_rate,"110",bpm,altitude,"1.6000000000000227",m,speed,"9.68",m/s,power,"159",watts,cadence,"88",rpm,enhanced_altitude,"1.6000000000000227",m,enhanced_speed,"9.68",m/s,
Data,3,record,timestamp,"1098887472",s,position_lat,"-138838864",semicircles,position_long,"1991838464",semicircles,distance,"994.37",m,heart_rate,"109",bpm,altitude,"1.6000000000000227",m,speed,"9.712",m/s,power,"159",watts,cadence,"88",rpm,enhanced_altitude,"1.6000000000000227",m,enhanced_speed,"9.712",m/s,
Data,3,record,timestamp,"1098887473",s,position_lat,"-138839440",semicircles,position_long,"1991839360",semicircles,distance,"1004.23",m,heart_rate,"109",bpm,altitude,"1.6000000000000227",m,speed,"9.76",m/s,power,"175",watts,cadence,"89",rpm,enhanced_altitude,"1.6000000000000227",m,enhanced_speed,"9.76",m/s,
Data,3,record,timestamp,"1098887474",s,position_lat,"-138839792",semicircles,position_long,"1991840256",semicircles,distance,"1014.0",m,heart_rate,"108",bpm,altitude,"1.6000000000000227",m,speed,"9.785",m/s,power,"175",watts,cadence,"90",rpm,enhanced_altitude,"1.6000000000000227",m,enhanced_speed,"9.785",m/s,
Data,3,record,timestamp,"1098887475",s,position_lat,"-138839888",semicircles,position_long,"1991841280",semicircles,distance,"1023.79",m,heart_rate,"108",bpm,altitude,"1.8000000000000114",m,speed,"9.794",m/s,power,"175",watts,cadence,"90",rpm,enhanced_altitude,"1.8000000000000114",m,enhanced_speed,"9.794",m/s,
Data,3,record,timestamp,"1098887476",s,position_lat,"-138839680",semicircles,position_long,"1991842432",semicircles,distance,"1033.54",m,heart_rate,"108",bpm,altitude,"1.8000000000000114",m,speed,"9.721",m/s,power,"150",watts,cadence,"89",rpm,enhanced_altitude,"1.8000000000000114",m,enhanced_speed,"9.721",m/s,
Data,3,record,timestamp,"1098887477",s,position_lat,"-138839264",semicircles,position_long,"1991843328",semicircles,distance,"1043.27",m,heart_rate,"108",bpm,altitude,"2.0",m,speed,"9.733",m/s,power,"150",watts,cadence,"89",rpm,enhanced_altitude,"2.0",m,enhanced_speed,"9.733",m/s,
Data,3,record,timestamp,"1098887478",s,position_lat,"-138838656",semicircles,position_long,"1991844224",semicircles,distance,"1053.03",m,heart_rate,"108",bpm,altitude,"2.0",m,speed,"9.832",m/s,power,"140",watts,cadence,"88",rpm,enhanced_altitude,"2.0",m,enhanced_speed,"9.832",m/s,
Data,3,record,timestamp,"1098887479",s,position_lat,"-138837952",semicircles,position_long,"1991844992",semicircles,distance,"1062.84",m,heart_rate,"108",bpm,altitude,"2.1999999999999886",m,speed,"9.756",m/s,power,"140",watts,cadence,"88",rpm,enhanced_altitude,"2.1999999999999886",m,enhanced_speed,"9.756",m/s,
Data,3,record,timestamp,"1098887480",s,position_lat,"-138837184",semicircles,position_long,"1991845760",semicircles,distance,"1072.55",m,heart_rate,"107",bpm,altitude,"2.1999999999999886",m,speed,"9.659",m/s,power,"160",watts,cadence,"87",rpm,enhanced_altitude,"2.1999999999999886",m,enhanced_speed,"9.659",m/s,
Data,3,record,timestamp,"1098887481",s,position_lat,"-138836368",semicircles,position_long,"1991846400",semicircles,distance,"1082.17",m,heart_rate,"107",bpm,altitude,"2.3999999999999773",m,speed,"9.577",m/s,power,"160",watts,cadence,"87",rpm,enhanced_altitude,"2.3999999999999773",m,enhanced_speed,"9.577",m/s,
Data,3,record,timestamp,"1098887482",s,position_lat,"-138835552",semicircles,position_long,"1991847040",semicircles,distance,"1091.69",m,heart_rate,"108",bpm,altitude,"2.3999999999999773",m,speed,"9.48",m/s,power,"144",watts,cadence,"85",rpm,enhanced_altitude,"2.3999999999999773",m,enhanced_speed,"9.48",m/s,
Data,3,record,timestamp,"1098887483",s,position_lat,"-138834720",semicircles,position_long,"1991847680",semicircles,distance,"1101.12",m,heart_rate,"108",bpm,altitude,"2.6000000000000227",m,speed,"9.392",m/s,power,"144",watts,cadence,"85",rpm,enhanced_altitude,"2.6000000000000227",m,enhanced_speed,"9.392",m/s,
Data,3,record,timestamp,"1098887484",s,position_lat,"-138833888",semicircles,position_long,"1991848320",semicircles,distance,"1110.47",m,heart_rate,"108",bpm,altitude,"2.6000000000000227",m,speed,"9.314",m/s,power,"144",watts,cadence,"85",rpm,enhanced_altitude,"2.6000000000000227",m,enhanced_speed,"9.314",m/s,
Data,3,record,timestamp,"1098887485",s,position_lat,"-138833056",semicircles,position_long,"1991848832",semicircles,distance,"1119.77",m,heart_rate,"109",bpm,altitude,"2.8000000000000114",m,speed,"9.264",m/s,power,"166",watts,cadence,"85",rpm,enhanced_altitude,"2.8000000000000114",m,enhanced_speed,"9.264",m/s,
Data,3,record,timestamp,"1098887486",s,position_lat,"-138832224",semicircles,position_long,"1991849344",semicircles,distance,"1129.01",m,heart_rate,"110",bpm,altitude,"2.8000000000000114",m,speed,"9.221",m/s,power,"166",watts,cadence,"85",rpm,enhanced_altitude,"2.8000000000000114",m,enhanced_speed,"9.221",m/s,
Data,3,record,timestamp,"1098887487",s,position_lat,"-138831392",semicircles,position_long,"1991849856",semicircles,distance,"1138.28",m,heart_rate,"112",bpm,altitude,"3.0",m,speed,"9.183",m/s,power,"173",watts,cadence,"85",rpm,enhanced_altitude,"3.0",m,enhanced_speed,"9.183",m/s,
Data,3,record,timestamp,"1098887488",s,position_lat,"-138830640",semicircles,position_long,"1991850496",semicircles,distance,"1147.36",m,heart_rate,"113",bpm,altitude,"3.0",m,speed,"9.134",m/s,power,"173",watts,cadence,"85",rpm,enhanced_altitude,"3.0",m,enhanced_speed,"9.134",m/s,
Data,3,record,timestamp,"1098887489",s,position_lat,"-138829984",semicircles,position_long,"1991851136",semicircles,distance,"1156.46",m,heart_rate,"115",bpm,altitude,"3.1999999999999886",m,speed,"9.05",m/s,power,"151",watts,cadence,"85",rpm,enhanced_altitude,"3.1999999999999886",m,enhanced_speed,"9.05",m/s,
Data,3,record,timestamp,"1098887490",s,position_lat,"-138829600",semicircles,position_long,"1991852032",semicircles,distance,"1165.46",m,heart_rate,"115",bpm,altitude,"3.3999999999999773",m,speed,"8.917",m/s,power,"151",watts,cadence,"85",rpm,enhanced_altitude,"3.3999999999999773",m,enhanced_speed,"8.917",m/s,
Data,3,record,timestamp,"1098887491",s,position_lat,"-138829392",semicircles,position_long,"1991853184",semicircles,distance,"1174.24",m,heart_rate,"116",bpm,altitude,"3.6000000000000227",m,speed,"8.762",m/s,power,"181",watts,cadence,"85",rpm,enhanced_altitude,"3.6000000000000227",m,enhanced_speed,"8.762",m/s,
Data,3,record,timestamp,"1098887492",s,position_lat,"-138829552",semicircles,position_long,"1991854080",semicircles,distance,"1182.97",m,heart_rate,"117",bpm,altitude,"3.8000000000000114",m,speed,"8.574",m/s,power,"181",watts,cadence,"83",rpm,enhanced_altitude,"3.8000000000000114",m,enhanced_speed,"8.574",m/s,
Data,3,record,timestamp,"1098887493",s,position_lat,"-138830128",semicircles,position_long,"1991854592",semicircles,distance,"1191.37",m,heart_rate,"118",bpm,altitude,"4.199999999999989",m,speed,"8.43",m/s,power,"196",watts,cadence,"83",rpm,enhanced_altitude,"4.199999999999989",m,enhanced_speed,"8.43",m/s,
Data,3,record,timestamp,"1098887494",s,position_lat,"-138830928",semicircles,position_long,"1991855232",semicircles,distance,"1199.78",m,heart_rate,"118",bpm,altitude,"4.199999999999989",m,speed,"8.181",m/s,power,"0",watts,cadence,"83",rpm,enhanced_altitude,"4.199999999999989",m,enhanced_speed,"8.181",m/s,
Data,3,record,timestamp,"1098887495",s,position_lat,"-138831728",semicircles,position_long,"1991855488",semicircles,distance,"1207.72",m,heart_rate,"117",bpm,altitude,"4.399999999999977",m,speed,"7.905",m/s,power,"0",watts,cadence,"83",rpm,enhanced_altitude,"4.399999999999977",m,enhanced_speed,"7.905",m/s,
Data,3,record,timestamp,"1098887496",s,position_lat,"-138832544",semicircles,position_long,"1991855744",semicircles,distance,"1215.53",m,heart_rate,"116",bpm,altitude,"4.399999999999977",m,speed,"7.667",m/s,power,"0",watts,cadence,"0",rpm,enhanced_altitude,"4.399999999999977",m,enhanced_speed,"7.667",m/s,
Data,3,record,timestamp,"1098887497",s,position_lat,"-138833344",semicircles,position_long,"1991855872",semicircles,distance,"1223.11",m,heart_rate,"115",bpm,altitude,"4.600000000000023",m,speed,"7.464",m/s,power,"0",watts,cadence,"0",rpm,enhanced_altitude,"4.600000000000023",m,enhanced_speed,"7.464",m/s,
Data,3,record,timestamp,"1098887498",s,position_lat,"-138834128",semicircles,position_long,"1991856128",semicircles,distance,"1230.53",m,heart_rate,"113",bpm,altitude,"4.600000000000023",m,speed,"7.29",m/s,power,"0",watts,cadence,"0",rpm,enhanced_altitude,"4.600000000000023",m,enhanced_speed,"7.29",m/s,
Data,3,record,timestamp,"1098887499",s,position_lat,"-138834896",semicircles,position_long,"1991856128",semicircles,distance,"1237.68",m,heart_rate,"111",bpm,altitude,"4.600000000000023",m,speed,"7.133",m/s,power,"0",watts,cadence,"0",rpm,enhanced_altitude,"4.600000000000023",m,enhanced_speed,"7.133",m/s,
Data,3,record,timestamp,"1098887500",s,position_lat,"-138835648",semicircles,position_long,"1991856256",semicircles,distance,"1244.77",m,heart_rate,"110",bpm,altitude,"4.600000000000023",m,speed,"6.97",m/s,power,"0",watts,cadence,"0",rpm,enhanced_altitude,"4.600000000000023",m,enhanced_speed,"6.97",m/s,
Data,3,record,timestamp,"1098887501",s,position_lat,"-138836384",semicircles,position_long,"1991856512",semicircles,distance,"1251.67",m,heart_rate,"108",bpm,altitude,"4.800000000000011",m,speed,"6.81",m/s,power,"33",watts,cadence,"63",rpm,enhanced_altitude,"4.800000000000011",m,enhanced_speed,"6.81",m/s,
Data,3,record,timestamp,"1098887502",s,position_lat,"-138836976",semicircles,position_long,"1991856768",semicircles,distance,"1258.44",m,heart_rate,"105",bpm,altitude,"4.800000000000011",m,speed,"6.753",m/s,power,"33",watts,cadence,"63",rpm,enhanced_altitude,"4.800000000000011",m,enhanced_speed,"6.753",m/s,
Data,3,record,timestamp,"1098887503",s,position_lat,"-138837264",semicircles,position_long,"1991857536",semicircles,distance,"1265.37",m,heart_rate,"104",bpm,altitude,"4.800000000000011",m,speed,"7.113",m/s,power,"232",watts,cadence,"64",rpm,enhanced_altitude,"4.800000000000011",m,enhanced_speed,"7.113",m/s,
Data,3,record,timestamp,"1098887504",s,position_lat,"-138837312",semicircles,position_long,"1991858304",semicircles,distance,"1272.63",m,heart_rate,"101",bpm,altitude,"4.800000000000011",m,speed,"7.421",m/s,power,"232",watts,cadence,"64",rpm,enhanced_altitude,"4.800000000000011",m,enhanced_speed,"7.421",m/s,
Data,3,record,timestamp,"1098887505",s,position_lat,"-138837264",semicircles,position_long,"1991858944",semicircles,distance,"1280.21",m,heart_rate,"101",bpm,altitude,"4.600000000000023",m,speed,"7.726",m/s,power,"230",watts,cadence,"69",rpm,enhanced_altitude,"4.600000000000023",m,enhanced_speed,"7.726",m/s,
Data,3,record,timestamp,"1098887506",s,position_lat,"-138837152",semicircles,position_long,"1991859968",semicircles,distance,"1288.07",m,heart_rate,"101",bpm,altitude,"4.600000000000023",m,speed,"7.976",m/s,power,"230",watts,cadence,"69",rpm,enhanced_altitude,"4.600000000000023",m,enhanced_speed,"7.976",m/s,
Data,3,record,timestamp,"1098887507",s,position_lat,"-138837024",semicircles,position_long,"1991860864",semicircles,distance,"1296.14",m,heart_rate,"102",bpm,altitude,"4.600000000000023",m,speed,"8.163",m/s,power,"177",watts,cadence,"75",rpm,enhanced_altitude,"4.600000000000023",m,enhanced_speed,"8.163",m/s,
Data,3,record,timestamp,"1098887508",s,position_lat,"-138836864",semicircles,position_long,"1991861760",semicircles,distance,"1304.36",m,heart_rate,"102",bpm,altitude,"4.600000000000023",m,speed,"8.29",m/s,power,"177",watts,cadence,"77",rpm,enhanced_altitude,"4.600000000000023",m,enhanced_speed,"8.29",m/s,
Data,3,record,timestamp,"1098887509",s,position_lat,"-138836704",semicircles,position_long,"1991862656",semicircles,distance,"1312.73",m,heart_rate,"103",bpm,altitude,"4.600000000000023",m,speed,"8.411",m/s,power,"148",watts,cadence,"79",rpm,enhanced_altitude,"4.600000000000023",m,enhanced_speed,"8.411",m/s,
Data,3,record,timestamp,"1098887510",s,position_lat,"-138836528",semicircles,position_long,"1991863552",semicircles,distance,"1321.17",m,heart_rate,"104",bpm,altitude,"4.600000000000023",m,speed,"8.488",m/s,power,"148",watts,cadence,"79",rpm,enhanced_altitude,"4.600000000000023",m,enhanced_speed,"8.488",m/s,
Data,3,record,timestamp,"1098887511",s,position_lat,"-138836352",semicircles,position_long,"1991864448",semicircles,distance,"1329.7",m,heart_rate,"104",bpm,altitude,"4.600000000000023",m,speed,"8.546",m/s,power,"133",watts,cadence,"79",rpm,enhanced_altitude,"4.600000000000023",m,enhanced_speed,"8.546",m/s,
Data,3,record,timestamp,"1098887512",s,position_lat,"-138836176",semicircles,position_long,"1991865344",semicircles,distance,"1338.28",m,heart_rate,"104",bpm,altitude,"4.600000000000023",m,speed,"8.577",m/s,power,"126",watts,cadence,"80",rpm,enhanced_altitude,"4.600000000000023",m,enhanced_speed,"8.577",m/s,
Data,3,record,timestamp,"1098887513",s,position_lat,"-138836000",semicircles,position_long,"1991866240",semicircles,distance,"1346.85",m,heart_rate,"103",bpm,altitude,"4.399999999999977",m,speed,"8.627",m/s,power,"126",watts,cadence,"80",rpm,enhanced_altitude,"4.399999999999977",m,enhanced_speed,"8.627",m/s,
Data,3,record,timestamp,"1098887514",s,position_lat,"-138835840",semicircles,position_long,"1991867136",semicircles,distance,"1355.53",m,heart_rate,"101",bpm,altitude,"4.399999999999977",m,speed,"8.714",m/s,power,"134",watts,cadence,"81",rpm,enhanced_altitude,"4.399999999999977",m,enhanced_speed,"8.714",m/s,
Data,3,record,timestamp,"1098887515",s,position_lat,"-138835648",semicircles,position_long,"1991868160",semicircles,distance,"1364.28",m,heart_rate,"100",bpm,altitude,"4.399999999999977",m,speed,"8.796",m/s,power,"134",watts,cadence,"81",rpm,enhanced_altitude,"4.399999999999977",m,enhanced_speed,"8.796",m/s,
Data,3,record,timestamp,"1098887516",s,position_lat,"-138835488",semicircles,position_long,"1991869056",semicircles,distance,"1373.15",m,heart_rate,"99",bpm,altitude,"4.399999999999977",m,speed,"8.957",m/s,power,"202",watts,cadence,"83",rpm,enhanced_altitude,"4.399999999999977",m,enhanced_speed,"8.957",m/s,
Data,3,record,timestamp,"1098887517",s,position_lat,"-138835296",semicircles,position_long,"1991870080",semicircles,distance,"1382.24",m,heart_rate,"98",bpm,altitude,"4.199999999999989",m,speed,"9.199",m/s,power,"202",watts,cadence,"83",rpm,enhanced_altitude,"4.199999999999989",m,enhanced_speed,"9.199",m/s,
Data,3,record,timestamp,"1098887518",s,position_lat,"-138835104",semicircles,position_long,"1991870976",semicircles,distance,"1391.6",m,heart_rate,"98",bpm,altitude,"4.199999999999989",m,speed,"9.479",m/s,power,"154",watts,cadence,"86",rpm,enhanced_altitude,"4.199999999999989",m,enhanced_speed,"9.479",m/s,
Data,3,record,timestamp,"1098887519",s,position_lat,"-138834896",semicircles,position_long,"1991872128",semicircles,distance,"1401.12",m,heart_rate,"97",bpm,altitude,"4.0",m,speed,"9.621",m/s,power,"154",watts,cadence,"86",rpm,enhanced_altitude,"4.0",m,enhanced_speed,"9.621",m/s,
Data,3,record,timestamp,"1098887520",s,position_lat,"-138834656",semicircles,position_long,"1991873024",semicircles,distance,"1410.84",m,heart_rate,"97",bpm,altitude,"3.8000000000000114",m,speed,"9.756",m/s,power,"142",watts,cadence,"86",rpm,enhanced_altitude,"3.8000000000000114",m,enhanced_speed,"9.756",m/s,
Data,3,record,timestamp,"1098887521",s,position_lat,"-138834416",semicircles,position_long,"1991874048",semicircles,distance,"1420.64",m,heart_rate,"97",bpm,altitude,"3.6000000000000227",m,speed,"9.921",m/s,power,"140",watts,cadence,"85",rpm,enhanced_altitude,"3.6000000000000227",m,enhanced_speed,"9.921",m/s,
Data,3,record,timestamp,"1098887522",s,position_lat,"-138834144",semicircles,position_long,"1991875200",semicircles,distance,"1430.66",m,heart_rate,"98",bpm,altitude,"3.3999999999999773",m,speed,"10.114",m/s,power,"110",watts,cadence,"87",rpm,enhanced_altitude,"3.3999999999999773",m,enhanced_speed,"10.114",m/s,
Data,3,record,timestamp,"1098887523",s,position_lat,"-138833888",semicircles,position_long,"1991876352",semicircles,distance,"1440.92",m,heart_rate,"99",bpm,altitude,"3.0",m,speed,"10.373",m/s,power,"193",watts,cadence,"89",rpm,enhanced_altitude,"3.0",m,enhanced_speed,"10.373",m/s,
Data,3,record,timestamp,"1098887524",s,position_lat,"-138833632",semicircles,position_long,"1991877376",semicircles,distance,"1451.23",m,heart_rate,"100",bpm,altitude,"2.8000000000000114",m,speed,"10.621",m/s,power,"193",watts,cadence,"89",rpm,enhanced_altitude,"2.8000000000000114",m,enhanced_speed,"10.621",m/s,
Data,3,record,timestamp,"1098887525",s,position_lat,"-138833360",semicircles,position_long,"1991878528",semicircles,distance,"1462.18",m,heart_rate,"101",bpm,altitude,"2.3999999999999773",m,speed,"10.916",m/s,power,"186",watts,cadence,"89",rpm,enhanced_altitude,"2.3999999999999773",m,enhanced_speed,"10.916",m/s,
Data,3,record,timestamp,"1098887526",s,position_lat,"-138833104",semicircles,position_long,"1991879808",semicircles,distance,"1473.25",m,heart_rate,"102",bpm,altitude,"2.1999999999999886",m,speed,"11.231",m/s,power,"186",watts,cadence,"90",rpm,enhanced_altitude,"2.1999999999999886",m,enhanced_speed,"11.231",m/s,
Data,3,record,timestamp,"1098887527",s,position_lat,"-138832864",semicircles,position_long,"1991881088",semicircles,distance,"1484.69",m,heart_rate,"103",bpm,altitude,"1.8000000000000114",m,speed,"11.607",m/s,power,"176",watts,cadence,"91",rpm,enhanced_altitude,"1.8000000000000114",m,enhanced_speed,"11.607",m/s,
Data,3,record,timestamp,"1098887528",s,position_lat,"-138832656",semicircles,position_long,"1991882112",semicircles,distance,"1496.41",m,heart_rate,"104",bpm,altitude,"1.6000000000000227",m,speed,"11.774",m/s,power,"176",watts,cadence,"91",rpm,enhanced_altitude,"1.6000000000000227",m,enhanced_speed,"11.774",m/s,
Data,3,record,timestamp,"1098887529",s,position_lat,"-138832528",semicircles,position_long,"1991883520",semicircles,distance,"1508.22",m,heart_rate,"104",bpm,altitude,"1.3999999999999773",m,speed,"11.841",m/s,power,"185",watts,cadence,"91",rpm,enhanced_altitude,"1.3999999999999773",m,enhanced_speed,"11.841",m/s,
Data,3,record,timestamp,"1098887530",s,position_lat,"-138832432",semicircles,position_long,"1991884800",semicircles,distance,"1520.08",m,heart_rate,"105",bpm,altitude,"1.1999999999999886",m,speed,"11.866",m/s,power,"188",watts,cadence,"91",rpm,enhanced_altitude,"1.1999999999999886",m,enhanced_speed,"11.866",m/s,
Data,3,record,timestamp,"1098887531",s,position_lat,"-138832368",semicircles,position_long,"1991886080",semicircles,distance,"1531.96",m,heart_rate,"106",bpm,altitude,"1.0",m,speed,"11.907",m/s,power,"188",watts,cadence,"91",rpm,enhanced_altitude,"1.0",m,enhanced_speed,"11.907",m/s,
Data,3,record,timestamp,"1098887532",s,position_lat,"-138832352",semicircles,position_long,"1991887360",semicircles,distance,"1543.89",m,heart_rate,"106",bpm,altitude,"0.8000000000000114",m,speed,"11.911",m/s,power,"161",watts,cadence,"92",rpm,enhanced_altitude,"0.8000000000000114",m,enhanced_speed,"11.911",m/s,
Data,3,record,timestamp,"1098887533",s,position_lat,"-138832416",semicircles,position_long,"1991888640",semicircles,distance,"1555.78",m,heart_rate,"107",bpm,altitude,"0.6000000000000227",m,speed,"11.874",m/s,power,"161",watts,cadence,"92",rpm,enhanced_altitude,"0.6000000000000227",m,enhanced_speed,"11.874",m/s,
Data,3,record,timestamp,"1098887534",s,position_lat,"-138832576",semicircles,position_long,"1991889920",semicircles,distance,"1567.63",m,heart_rate,"107",bpm,altitude,"0.39999999999997726",m,speed,"11.81",m/s,power,"164",watts,cadence,"92",rpm,enhanced_altitude,"0.39999999999997726",m,enhanced_speed,"11.81",m/s,
Data,3,record,timestamp,"1098887535",s,position_lat,"-138832816",semicircles,position_long,"1991891200",semicircles,distance,"1579.38",m,heart_rate,"108",bpm,altitude,"0.39999999999997726",m,speed,"11.716",m/s,power,"170",watts,cadence,"88",rpm,enhanced_altitude,"0.39999999999997726",m,enhanced_speed,"11.716",m/s,
Data,3,record,timestamp,"1098887536",s,position_lat,"-138833088",semicircles,position_long,"1991892480",semicircles,distance,"1591.03",m,heart_rate,"109",bpm,altitude,"0.39999999999997726",m,speed,"11.587",m/s,power,"163",watts,cadence,"88",rpm,enhanced_altitude,"0.39999999999997726",m,enhanced_speed,"11.587",m/s,
Data,3,record,timestamp,"1098887537",s,position_lat,"-138833392",semicircles,position_long,"1991893632",semicircles,distance,"1602.55",m,heart_rate,"109",bpm,altitude,"0.39999999999997726",m,speed,"11.453",m/s,power,"163",watts,cadence,"87",rpm,enhanced_altitude,"0.39999999999997726",m,enhanced_speed,"11.453",m/s,
Data,3,record,timestamp,"1098887538",s,position_lat,"-138833728",semicircles,position_long,"1991894912",semicircles,distance,"1613.94",m,heart_rate,"109",bpm,altitude,"0.39999999999997726",m,speed,"11.324",m/s,power,"172",watts,cadence,"87",rpm,enhanced_altitude,"0.39999999999997726",m,enhanced_speed,"11.324",m/s,
Data,3,record,timestamp,"1098887539",s,position_lat,"-138834112",semicircles,position_long,"1991895936",semicircles,distance,"1625.22",m,heart_rate,"109",bpm,altitude,"0.39999999999997726",m,speed,"11.214",m/s,power,"195",watts,cadence,"87",rpm,enhanced_altitude,"0.39999999999997726",m,enhanced_speed,"11.214",m/s,
Data,3,record,timestamp,"1098887540",s,position_lat,"-138834560",semicircles,position_long,"1991897216",semicircles,distance,"1636.4",m,heart_rate,"109",bpm,altitude,"0.39999999999997726",m,speed,"11.145",m/s,power,"195",watts,cadence,"87",rpm,enhanced_altitude,"0.39999999999997726",m,enhanced_speed,"11.145",m/s,
Data,3,record,timestamp,"1098887541",s,position_lat,"-138835056",semicircles,position_long,"1991898368",semicircles,distance,"1647.51",m,heart_rate,"109",bpm,altitude,"0.6000000000000227",m,speed,"11.109",m/s,power,"214",watts,cadence,"87",rpm,enhanced_altitude,"0.6000000000000227",m,enhanced_speed,"11.109",m/s,
Data,3,record,timestamp,"1098887542",s,position_lat,"-138835616",semicircles,position_long,"1991899392",semicircles,distance,"1658.61",m,heart_rate,"109",bpm,altitude,"0.6000000000000227",m,speed,"11.103",m/s,power,"214",watts,cadence,"87",rpm,enhanced_altitude,"0.6000000000000227",m,enhanced_speed,"11.103",m/s,
Data,3,record,timestamp,"1098887543",s,position_lat,"-138836224",semicircles,position_long,"1991900288",semicircles,distance,"1669.71",m,heart_rate,"108",bpm,altitude,"0.6000000000000227",m,speed,"11.089",m/s,power,"168",watts,cadence,"88",rpm,enhanced_altitude,"0.6000000000000227",m,enhanced_speed,"11.089",m/s,
Data,3,record,timestamp,"1098887544",s,position_lat,"-138836864",semicircles,position_long,"1991901440",semicircles,distance,"1680.79",m,heart_rate,"108",bpm,altitude,"0.6000000000000227",m,speed,"11.055",m/s,power,"168",watts,cadence,"88",rpm,enhanced_altitude,"0.6000000000000227",m,enhanced_speed,"11.055",m/s,
Data,3,record,timestamp,"1098887545",s,position_lat,"-138837536",semicircles,position_long,"1991902336",semicircles,distance,"1691.83",m,heart_rate,"108",bpm,altitude,"0.6000000000000227",m,speed,"11.05",m/s,power,"180",watts,cadence,"86",rpm,enhanced_altitude,"0.6000000000000227",m,enhanced_speed,"11.05",m/s,
Data,3,record,timestamp,"1098887546",s,position_lat,"-138838240",semicircles,position_long,"1991903360",semicircles,distance,"1702.9",m,heart_rate,"109",bpm,altitude,"0.6000000000000227",m,speed,"11.055",m/s,power,"180",watts,cadence,"86",rpm,enhanced_altitude,"0.6000000000000227",m,enhanced_speed,"11.055",m/s,
Data,3,record,timestamp,"1098887547",s,position_lat,"-138838992",semicircles,position_long,"1991904384",semicircles,distance,"1713.94",m,heart_rate,"109",bpm,altitude,"0.6000000000000227",m,speed,"11.049",m/s,power,"161",watts,cadence,"86",rpm,enhanced_altitude,"0.6000000000000227",m,enhanced_speed,"11.049",m/s,
Data,3,record,timestamp,"1098887548",s,position_lat,"-138839776",semicircles,position_long,"1991905280",semicircles,distance,"1725.0",m,heart_rate,"109",bpm,altitude,"0.6000000000000227",m,speed,"11.081",m/s,power,"186",watts,cadence,"86",rpm,enhanced_altitude,"0.6000000000000227",m,enhanced_speed,"11.081",m/s,
Data,3,record,timestamp,"1098887549",s,position_lat,"-138840576",semicircles,position_long,"1991906176",semicircles,distance,"1736.1",m,heart_rate,"109",bpm,altitude,"0.6000000000000227",m,speed,"11.112",m/s,power,"184",watts,cadence,"86",rpm,enhanced_altitude,"0.6000000000000227",m,enhanced_speed,"11.112",m/s,
Data,3,record,timestamp,"1098887550",s,position_lat,"-138841440",semicircles,position_long,"1991906816",semicircles,distance,"1747.24",m,heart_rate,"108",bpm,altitude,"0.6000000000000227",m,speed,"11.154",m/s,power,"185",watts,cadence,"86",rpm,enhanced_altitude,"0.6000000000000227",m,enhanced_speed,"11.154",m/s,
Data,3,record,timestamp,"1098887551",s,position_lat,"-138842384",semicircles,position_long,"1991907840",semicircles,distance,"1758.45",m,heart_rate,"108",bpm,altitude,"0.6000000000000227",m,speed,"11.224",m/s,power,"185",watts,cadence,"86",rpm,enhanced_altitude,"0.6000000000000227",m,enhanced_speed,"11.224",m/s,
Data,3,record,timestamp,"1098887552",s,position_lat,"-138843328",semicircles,position_long,"1991908480",semicircles,distance,"1769.56",m,heart_rate,"108",bpm,altitude,"0.6000000000000227",m,speed,"10.968",m/s,power,"0",watts,cadence,"86",rpm,enhanced_altitude,"0.6000000000000227",m,enhanced_speed,"10.968",m/s,
Data,3,record,timestamp,"1098887553",s,position_lat,"-138844288",semicircles,position_long,"1991909120",semicircles,distance,"1780.26",m,heart_rate,"108",bpm,altitude,"0.6000000000000227",m,speed,"10.723",m/s,power,"0",watts,cadence,"86",rpm,enhanced_altitude,"0.6000000000000227",m,enhanced_speed,"10.723",m/s,
Data,3,record,timestamp,"1098887554",s,position_lat,"-138845264",semicircles,position_long,"1991909760",semicircles,distance,"1790.99",m,heart_rate,"107",bpm,altitude,"0.6000000000000227",m,speed,"10.489",m/s,power,"0",watts,cadence,"0",rpm,enhanced_altitude,"0.6000000000000227",m,enhanced_speed,"10.489",m/s,
Data,3,record,timestamp,"1098887555",s,position_lat,"-138846240",semicircles,position_long,"1991910272",semicircles,distance,"1801.37",m,heart_rate,"107",bpm,altitude,"0.6000000000000227",m,speed,"10.274",m/s,power,"0",watts,cadence,"0",rpm,enhanced_altitude,"0.6000000000000227",m,enhanced_speed,"10.274",m/s,
Data,3,record,timestamp,"1098887556",s,position_lat,"-138847216",semicircles,position_long,"1991910912",semicircles,distance,"1811.54",m,heart_rate,"105",bpm,altitude,"0.6000000000000227",m,speed,"10.074",m/s,power,"0",watts,cadence,"0",rpm,enhanced_altitude,"0.6000000000000227",m,enhanced_speed,"10.074",m/s,
Data,3,record,timestamp,"1098887557",s,position_lat,"-138848176",semicircles,position_long,"1991911424",semicircles,distance,"1821.52",m,heart_rate,"104",bpm,altitude,"0.6000000000000227",m,speed,"9.885",m/s,power,"0",watts,cadence,"0",rpm,enhanced_altitude,"0.6000000000000227",m,enhanced_speed,"9.885",m/s,
Data,3,record,timestamp,"1098887558",s,position_lat,"-138849104",semicircles,position_long,"1991911808",semicircles,distance,"1831.31",m,heart_rate,"103",bpm,altitude,"0.6000000000000227",m,speed,"9.709",m/s,power,"0",watts,cadence,"0",rpm,enhanced_altitude,"0.6000000000000227",m,enhanced_speed,"9.709",m/s,
Data,3,record,timestamp,"1098887559",s,position_lat,"-138850032",semicircles,position_long,"1991912320",semicircles,distance,"1840.95",m,heart_rate,"102",bpm,altitude,"0.6000000000000227",m,speed,"9.577",m/s,power,"27",watts,cadence,"66",rpm,enhanced_altitude,"0.6000000000000227",m,enhanced_speed,"9.577",m/s,
Data,3,record,timestamp,"1098887560",s,position_lat,"-138850960",semicircles,position_long,"1991912704",semicircles,distance,"1850.47",m,heart_rate,"101",bpm,altitude,"0.6000000000000227",m,speed,"9.416",m/s,power,"53",watts,cadence,"66",rpm,enhanced_altitude,"0.6000000000000227",m,enhanced_speed,"9.416",m/s,
Data,3,record,timestamp,"1098887561",s,position_lat,"-138851888",semicircles,position_long,"1991913088",semicircles,distance,"1859.75",m,heart_rate,"100",bpm,altitude,"0.6000000000000227",m,speed,"9.174",m/s,power,"0",watts,cadence,"0",rpm,enhanced_altitude,"0.6000000000000227",m,enhanced_speed,"9.174",m/s,
Data,3,record,timestamp,"1098887562",s,position_lat,"-138852800",semicircles,position_long,"1991913472",semicircles,distance,"1868.83",m,heart_rate,"100",bpm,altitude,"0.6000000000000227",m,speed,"8.999",m/s,power,"0",watts,cadence,"0",rpm,enhanced_altitude,"0.6000000000000227",m,enhanced_speed,"8.999",m/s,
Data,3,record,timestamp,"1098887563",s,position_lat,"-138853712",semicircles,position_long,"1991913856",semicircles,distance,"1877.76",m,heart_rate,"99",bpm,altitude,"0.6000000000000227",m,speed,"8.849",m/s,power,"0",watts,cadence,"0",rpm,enhanced_altitude,"0.6000000000000227",m,enhanced_speed,"8.849",m/s,
Data,3,record,timestamp,"1098887564",s,position_lat,"-138854592",semicircles,position_long,"1991914112",semicircles,distance,"1886.54",m,heart_rate,"98",bpm,altitude,"0.6000000000000227",m,speed,"8.706",m/s,power,"0",watts,cadence,"0",rpm,enhanced_altitude,"0.6000000000000227",m,enhanced_speed,"8.706",m/s,
Data,3,record,timestamp,"1098887565",s,position_lat,"-138855488",semicircles,position_long,"1991914496",semicircles,distance,"1895.17",m,heart_rate,"97",bpm,altitude,"0.6000000000000227",m,speed,"8.563",m/s,power,"0",watts,cadence,"0",rpm,enhanced_altitude,"0.6000000000000227",m,enhanced_speed,"8.563",m/s,
Data,3,record,timestamp,"1098887566",s,position_lat,"-138856352",semicircles,position_long,"1991914752",semicircles,distance,"1903.66",m,heart_rate,"96",bpm,altitude,"0.6000000000000227",m,speed,"8.418",m/s,power,"0",watts,cadence,"0",rpm,enhanced_altitude,"0.6000000000000227",m,enhanced_speed,"8.418",m/s,
Data,3,record,timestamp,"1098887567",s,position_lat,"-138857200",semicircles,position_long,"1991915008",semicircles,distance,"1912.01",m,heart_rate,"95",bpm,altitude,"0.6000000000000227",m,speed,"8.27",m/s,power,"0",watts,cadence,"0",rpm,enhanced_altitude,"0.6000000000000227",m,enhanced_speed,"8.27",m/s,
Data,3,record,timestamp,"1098887568",s,position_lat,"-138858032",semicircles,position_long,"1991915264",semicircles,distance,"1920.18",m,heart_rate,"94",bpm,altitude,"0.6000000000000227",m,speed,"8.08",m/s,power,"0",watts,cadence,"0",rpm,enhanced_altitude,"0.6000000000000227",m,enhanced_speed,"8.08",m/s,
Data,3,record,timestamp,"1098887569",s,position_lat,"-138858848",semicircles,position_long,"1991915648",semicircles,distance,"1928.14",m,heart_rate,"93",bpm,altitude,"0.6000000000000227",m,speed,"7.852",m/s,power,"0",watts,cadence,"0",rpm,enhanced_altitude,"0.6000000000000227",m,enhanced_speed,"7.852",m/s,
Data,3,record,timestamp,"1098887570",s,position_lat,"-138859648",semicircles,position_long,"1991915776",semicircles,distance,"1935.88",m,heart_rate,"92",bpm,altitude,"0.8000000000000114",m,speed,"7.603",m/s,power,"0",watts,cadence,"0",rpm,enhanced_altitude,"0.8000000000000114",m,enhanced_speed,"7.603",m/s,
Data,3,record,timestamp,"1098887571",s,position_lat,"-138860416",semicircles,position_long,"1991916160",semicircles,distance,"1943.35",m,heart_rate,"89",bpm,altitude,"0.8000000000000114",m,speed,"7.358",m/s,power,"0",watts,cadence,"0",rpm,enhanced_altitude,"0.8000000000000114",m,enhanced_speed,"7.358",m/s,
Data,3,record,timestamp,"1098887572",s,position_lat,"-138861168",semicircles,position_long,"1991916288",semicircles,distance,"1950.6",m,heart_rate,"87",bpm,altitude,"1.0",m,speed,"7.147",m/s,power,"44",watts,cadence,"63",rpm,enhanced_altitude,"1.0",m,enhanced_speed,"7.147",m/s,
Data,3,record,timestamp,"1098887573",s,position_lat,"-138861920",semicircles,position_long,"1991916544",semicircles,distance,"1957.68",m,heart_rate,"85",bpm,altitude,"1.0",m,speed,"7.044",m/s,power,"44",watts,cadence,"30",rpm,enhanced_altitude,"1.0",m,enhanced_speed,"7.044",m/s,
Data,3,record,timestamp,"1098887574",s,position_lat,"-138862656",semicircles,position_long,"1991916672",semicircles,distance,"1964.76",m,heart_rate,"83",bpm,altitude,"1.0",m,speed,"7.119",m/s,power,"172",watts,cadence,"31",rpm,enhanced_altitude,"1.0",m,enhanced_speed,"7.119",m/s,
Data,3,record,timestamp,"1098887575",s,position_lat,"-138863424",semicircles,position_long,"1991916928",semicircles,distance,"1971.99",m,heart_rate,"81",bpm,altitude,"0.8000000000000114",m,speed,"7.351",m/s,power,"172",watts,cadence,"31",rpm,enhanced_altitude,"0.8000000000000114",m,enhanced_speed,"7.351",m/s,
Data,3,record,timestamp,"1098887576",s,position_lat,"-138864192",semicircles,position_long,"1991917056",semicircles,distance,"1979.46",m,heart_rate,"80",bpm,altitude,"0.8000000000000114",m,speed,"7.597",m/s,power,"162",watts,cadence,"47",rpm,enhanced_altitude,"0.8000000000000114",m,enhanced_speed,"7.597",m/s,
Data,3,record,timestamp,"1098887577",s,position_lat,"-138865008",semicircles,position_long,"1991917312",semicircles,distance,"1987.09",m,heart_rate,"79",bpm,altitude,"0.6000000000000227",m,speed,"7.861",m/s,power,"270",watts,cadence,"50",rpm,enhanced_altitude,"0.6000000000000227",m,enhanced_speed,"7.861",m/s,
Data,3,record,timestamp,"1098887578",s,position_lat,"-138865872",semicircles,position_long,"1991917440",semicircles,distance,"1995.29",m,heart_rate,"79",bpm,altitude,"0.6000000000000227",m,speed,"8.316",m/s,power,"270",watts,cadence,"50",rpm,enhanced_altitude,"0.6000000000000227",m,enhanced_speed,"8.316",m/s,
Data,3,record,timestamp,"1098887579",s,position_lat,"-138866784",semicircles,position_long,"1991917568",semicircles,distance,"2003.88",m,heart_rate,"79",bpm,altitude,"0.19999999999998863",m,speed,"8.879",m/s,power,"302",watts,cadence,"61",rpm,enhanced_altitude,"0.19999999999998863",m,enhanced_speed,"8.879",m/s,
Data,3,record,timestamp,"1098887580",s,position_lat,"-138867744",semicircles,position_long,"1991917824",semicircles,distance,"2013.05",m,heart_rate,"79",bpm,altitude,"0.0",m,speed,"9.412",m/s,power,"302",watts,cadence,"61",rpm,enhanced_altitude,"0.0",m,enhanced_speed,"9.412",m/s,
Data,3,record,timestamp,"1098887581",s,position_lat,"-138868768",semicircles,position_long,"1991917952",semicircles,distance,"2022.68",m,heart_rate,"79",bpm,altitude,"-0.39999999999997726",m,speed,"9.868",m/s,power,"251",watts,cadence,"69",rpm,enhanced_altitude,"-0.39999999999997726",m,enhanced_speed,"9.868",m/s,
Data,3,record,timestamp,"1098887582",s,position_lat,"-138869824",semicircles,position_long,"1991918208",semicircles,distance,"2032.76",m,heart_rate,"80",bpm,altitude,"-0.6000000000000227",m,speed,"10.266",m/s,power,"251",watts,cadence,"72",rpm,enhanced_altitude,"-0.6000000000000227",m,enhanced_speed,"10.266",m/s,
Data,3,record,timestamp,"1098887583",s,position_lat,"-138870928",semicircles,position_long,"1991918336",semicircles,distance,"2043.19",m,heart_rate,"81",bpm,altitude,"-1.0",m,speed,"10.586",m/s,power,"217",watts,cadence,"72",rpm,enhanced_altitude,"-1.0",m,enhanced_speed,"10.586",m/s,
Data,3,record,timestamp,"1098887584",s,position_lat,"-138872080",semicircles,position_long,"1991918464",semicircles,distance,"2053.91",m,heart_rate,"84",bpm,altitude,"-1.3999999999999773",m,speed,"10.846",m/s,power,"184",watts,cadence,"74",rpm,enhanced_altitude,"-1.3999999999999773",m,enhanced_speed,"10.846",m/s,
Data,3,record,timestamp,"1098887585",s,position_lat,"-138873248",semicircles,position_long,"1991918848",semicircles,distance,"2064.94",m,heart_rate,"86",bpm,altitude,"-1.8000000000000114",m,speed,"11.19",m/s,power,"281",watts,cadence,"75",rpm,enhanced_altitude,"-1.8000000000000114",m,enhanced_speed,"11.19",m/s,
Data,3,record,timestamp,"1098887586",s,position_lat,"-138874432",semicircles,position_long,"1991919104",semicircles,distance,"2076.27",m,heart_rate,"89",bpm,altitude,"-2.1999999999999886",m,speed,"11.455",m/s,power,"224",watts,cadence,"73",rpm,enhanced_altitude,"-2.1999999999999886",m,enhanced_speed,"11.455",m/s,
Data,3,record,timestamp,"1098887587",s,position_lat,"-138875664",semicircles,position_long,"1991919232",semicircles,distance,"2087.85",m,heart_rate,"91",bpm,altitude,"-2.3999999999999773",m,speed,"11.723",m/s,power,"249",watts,cadence,"75",rpm,enhanced_altitude,"-2.3999999999999773",m,enhanced_speed,"11.723",m/s,
Data,3,record,timestamp,"1098887588",s,position_lat,"-138876928",semicircles,position_long,"1991919488",semicircles,distance,"2099.7",m,heart_rate,"93",bpm,altitude,"-2.8000000000000114",m,speed,"11.972",m/s,power,"235",watts,cadence,"78",rpm,enhanced_altitude,"-2.8000000000000114",m,enhanced_speed,"11.972",m/s,
Data,3,record,timestamp,"1098887589",s,position_lat,"-138878208",semicircles,position_long,"1991919744",semicircles,distance,"2111.8",m,heart_rate,"94",bpm,altitude,"-3.1999999999999886",m,speed,"12.192",m/s,power,"235",watts,cadence,"78",rpm,enhanced_altitude,"-3.1999999999999886",m,enhanced_speed,"12.192",m/s,
Data,3,record,timestamp,"1098887590",s,position_lat,"-138879520",semicircles,position_long,"1991920000",semicircles,distance,"2124.07",m,heart_rate,"96",bpm,altitude,"-3.6000000000000227",m,speed,"12.378",m/s,power,"196",watts,cadence,"79",rpm,enhanced_altitude,"-3.6000000000000227",m,enhanced_speed,"12.378",m/s,
Data,3,record,timestamp,"1098887591",s,position_lat,"-138880832",semicircles,position_long,"1991920128",semicircles,distance,"2136.53",m,heart_rate,"98",bpm,altitude,"-4.199999999999989",m,speed,"12.531",m/s,power,"196",watts,cadence,"80",rpm,enhanced_altitude,"-4.199999999999989",m,enhanced_speed,"12.531",m/s,
Data,3,record,timestamp,"1098887592",s,position_lat,"-138882160",semicircles,position_long,"1991920512",semicircles,distance,"2149.11",m,heart_rate,"99",bpm,altitude,"-4.600000000000023",m,speed,"12.62",m/s,power,"141",watts,cadence,"80",rpm,enhanced_altitude,"-4.600000000000023",m,enhanced_speed,"12.62",m/s,
Data,3,record,timestamp,"1098887593",s,position_lat,"-138883504",semicircles,position_long,"1991920768",semicircles,distance,"2161.8",m,heart_rate,"100",bpm,altitude,"-5.0",m,speed,"12.726",m/s,power,"169",watts,cadence,"83",rpm,enhanced_altitude,"-5.0",m,enhanced_speed,"12.726",m/s,
Data,3,record,timestamp,"1098887594",s,position_lat,"-138884864",semicircles,position_long,"1991921024",semicircles,distance,"2174.55",m,heart_rate,"101",bpm,altitude,"-5.399999999999977",m,speed,"12.765",m/s,power,"94",watts,cadence,"83",rpm,enhanced_altitude,"-5.399999999999977",m,enhanced_speed,"12.765",m/s,
Data,3,record,timestamp,"1098887595",s,position_lat,"-138886208",semicircles,position_long,"1991921280",semicircles,distance,"2187.32",m,heart_rate,"103",bpm,altitude,"-5.600000000000023",m,speed,"12.776",m/s,power,"135",watts,cadence,"87",rpm,enhanced_altitude,"-5.600000000000023",m,enhanced_speed,"12.776",m/s,
Data,3,record,timestamp,"1098887596",s,position_lat,"-138887552",semicircles,position_long,"1991921664",semicircles,distance,"2200.06",m,heart_rate,"104",bpm,altitude,"-5.800000000000011",m,speed,"12.658",m/s,power,"135",watts,cadence,"87",rpm,enhanced_altitude,"-5.800000000000011",m,enhanced_speed,"12.658",m/s,
Data,3,record,timestamp,"1098887597",s,position_lat,"-138888864",semicircles,position_long,"1991922048",semicircles,distance,"2212.62",m,heart_rate,"105",bpm,altitude,"-5.800000000000011",m,speed,"12.497",m/s,power,"129",watts,cadence,"86",rpm,enhanced_altitude,"-5.800000000000011",m,enhanced_speed,"12.497",m/s,
Data,3,record,timestamp,"1098887598",s,position_lat,"-138890176",semicircles,position_long,"1991922176",semicircles,distance,"2225.03",m,heart_rate,"106",bpm,altitude,"-6.0",m,speed,"12.319",m/s,power,"143",watts,cadence,"85",rpm,enhanced_altitude,"-6.0",m,enhanced_speed,"12.319",m/s,
Data,3,record,timestamp,"1098887599",s,position_lat,"-138891456",semicircles,position_long,"1991922560",semicircles,distance,"2237.25",m,heart_rate,"108",bpm,altitude,"-6.0",m,speed,"12.119",m/s,power,"138",watts,cadence,"84",rpm,enhanced_altitude,"-6.0",m,enhanced_speed,"12.119",m/s,
Data,3,record,timestamp,"1098887600",s,position_lat,"-138892720",semicircles,position_long,"1991922944",semicircles,distance,"2249.26",m,heart_rate,"108",bpm,altitude,"-6.0",m,speed,"11.902",m/s,power,"138",watts,cadence,"84",rpm,enhanced_altitude,"-6.0",m,enhanced_speed,"11.902",m/s,
Data,3,record,timestamp,"1098887601",s,position_lat,"-138893952",semicircles,position_long,"1991923072",semicircles,distance,"2261.06",m,heart_rate,"109",bpm,altitude,"-5.800000000000011",m,speed,"11.708",m/s,power,"191",watts,cadence,"83",rpm,enhanced_altitude,"-5.800000000000011",m,enhanced_speed,"11.708",m/s,
Data,3,record,timestamp,"1098887602",s,position_lat,"-138895152",semicircles,position_long,"1991923456",semicircles,distance,"2272.69",m,heart_rate,"110",bpm,altitude,"-5.800000000000011",m,speed,"11.547",m/s,power,"191",watts,cadence,"83",rpm,enhanced_altitude,"-5.800000000000011",m,enhanced_speed,"11.547",m/s,
Data,3,record,timestamp,"1098887603",s,position_lat,"-138896304",semicircles,position_long,"1991923968",semicircles,distance,"2284.16",m,heart_rate,"111",bpm,altitude,"-5.800000000000011",m,speed,"11.404",m/s,power,"202",watts,cadence,"84",rpm,enhanced_altitude,"-5.800000000000011",m,enhanced_speed,"11.404",m/s,
Data,3,record,timestamp,"1098887604",s,position_lat,"-138897440",semicircles,position_long,"1991924480",semicircles,distance,"2295.49",m,heart_rate,"111",bpm,altitude,"-5.600000000000023",m,speed,"11.26",m/s,power,"173",watts,cadence,"84",rpm,enhanced_altitude,"-5.600000000000023",m,enhanced_speed,"11.26",m/s,
Data,3,record,timestamp,"1098887605",s,position_lat,"-138898496",semicircles,position_long,"1991925120",semicircles,distance,"2306.68",m,heart_rate,"112",bpm,altitude,"-5.600000000000023",m,speed,"11.117",m/s,power,"173",watts,cadence,"84",rpm,enhanced_altitude,"-5.600000000000023",m,enhanced_speed,"11.117",m/s,
Data,3,record,timestamp,"1098887606",s,position_lat,"-138899520",semicircles,position_long,"1991925632",semicircles,distance,"2317.72",m,heart_rate,"112",bpm,altitude,"-5.600000000000023",m,speed,"11.003",m/s,power,"174",watts,cadence,"82",rpm,enhanced_altitude,"-5.600000000000023",m,enhanced_speed,"11.003",m/s,
Data,3,record,timestamp,"1098887607",s,position_lat,"-138900480",semicircles,position_long,"1991926400",semicircles,distance,"2328.69",m,heart_rate,"112",bpm,altitude,"-5.600000000000023",m,speed,"10.91",m/s,power,"174",watts,cadence,"83",rpm,enhanced_altitude,"-5.600000000000023",m,enhanced_speed,"10.91",m/s,
Data,3,record,timestamp,"1098887608",s,position_lat,"-138901376",semicircles,position_long,"1991927040",semicircles,distance,"2339.56",m,heart_rate,"113",bpm,altitude,"-5.399999999999977",m,speed,"10.837",m/s,power,"181",watts,cadence,"82",rpm,enhanced_altitude,"-5.399999999999977",m,enhanced_speed,"10.837",m/s,
Data,3,record,timestamp,"1098887609",s,position_lat,"-138902176",semicircles,position_long,"1991927936",semicircles,distance,"2350.38",m,heart_rate,"113",bpm,altitude,"-5.399999999999977",m,speed,"10.802",m/s,power,"181",watts,cadence,"82",rpm,enhanced_altitude,"-5.399999999999977",m,enhanced_speed,"10.802",m/s,
Data,3,record,timestamp,"1098887610",s,position_lat,"-138902912",semicircles,position_long,"1991928960",semicircles,distance,"2361.16",m,heart_rate,"114",bpm,altitude,"-5.399999999999977",m,speed,"10.76",m/s,power,"163",watts,cadence,"82",rpm,enhanced_altitude,"-5.399999999999977",m,enhanced_speed,"10.76",m/s,
Data,3,record,timestamp,"1098887611",s,position_lat,"-138903552",semicircles,position_long,"1991929856",semicircles,distance,"2371.9",m,heart_rate,"114",bpm,altitude,"-5.399999999999977",m,speed,"10.719",m/s,power,"164",watts,cadence,"81",rpm,enhanced_altitude,"-5.399999999999977",m,enhanced_speed,"10.719",m/s,
Data,3,record,timestamp,"1098887612",s,position_lat,"-138904144",semicircles,position_long,"1991930880",semicircles,distance,"2382.6",m,heart_rate,"115",bpm,altitude,"-5.399999999999977",m,speed,"10.688",m/s,power,"164",watts,cadence,"81",rpm,enhanced_altitude,"-5.399999999999977",m,enhanced_speed,"10.688",m/s,
Data,3,record,timestamp,"1098887613",s,position_lat,"-138904688",semicircles,position_long,"1991931776",semicircles,distance,"2393.27",m,heart_rate,"115",bpm,altitude,"-5.399999999999977",m,speed,"10.657",m/s,power,"157",watts,cadence,"82",rpm,enhanced_altitude,"-5.399999999999977",m,enhanced_speed,"10.657",m/s,
Data,3,record,timestamp,"1098887614",s,position_lat,"-138905216",semicircles,position_long,"1991932928",semicircles,distance,"2403.93",m,heart_rate,"115",bpm,altitude,"-5.399999999999977",m,speed,"10.661",m/s,power,"181",watts,cadence,"82",rpm,enhanced_altitude,"-5.399999999999977",m,enhanced_speed,"10.661",m/s,
Data,3,record,timestamp,"1098887615",s,position_lat,"-138905712",semicircles,position_long,"1991933952",semicircles,distance,"2414.6",m,heart_rate,"116",bpm,altitude,"-5.399999999999977",m,speed,"10.669",m/s,power,"175",watts,cadence,"83",rpm,enhanced_altitude,"-5.399999999999977",m,enhanced_speed,"10.669",m/s,
Data,3,record,timestamp,"1098887616",s,position_lat,"-138906176",semicircles,position_long,"1991935104",semicircles,distance,"2425.27",m,heart_rate,"116",bpm,altitude,"-5.399999999999977",m,speed,"10.687",m/s,power,"175",watts,cadence,"82",rpm,enhanced_altitude,"-5.399999999999977",m,enhanced_speed,"10.687",m/s,
Data,3,record,timestamp,"1098887617",s,position_lat,"-138906640",semicircles,position_long,"1991936000",semicircles,distance,"2435.77",m,heart_rate,"116",bpm,altitude,"-5.399999999999977",m,speed,"10.692",m/s,power,"166",watts,cadence,"83",rpm,enhanced_altitude,"-5.399999999999977",m,enhanced_speed,"10.692",m/s,
Data,3,record,timestamp,"1098887618",s,position_lat,"-138907120",semicircles,position_long,"1991937152",semicircles,distance,"2446.67",m,heart_rate,"116",bpm,altitude,"-5.399999999999977",m,speed,"10.734",m/s,power,"166",watts,cadence,"83",rpm,enhanced_altitude,"-5.399999999999977",m,enhanced_speed,"10.734",m/s,
Data,3,record,timestamp,"1098887619",s,position_lat,"-138907584",semicircles,position_long,"1991938176",semicircles,distance,"2457.44",m,heart_rate,"116",bpm,altitude,"-5.399999999999977",m,speed,"10.791",m/s,power,"194",watts,cadence,"83",rpm,enhanced_altitude,"-5.399999999999977",m,enhanced_speed,"10.791",m/s,
Data,3,record,timestamp,"1098887620",s,position_lat,"-138908032",semicircles,position_long,"1991939328",semicircles,distance,"2468.21",m,heart_rate,"116",bpm,altitude,"-5.399999999999977",m,speed,"10.747",m/s,power,"194",watts,cadence,"83",rpm,enhanced_altitude,"-5.399999999999977",m,enhanced_speed,"10.747",m/s,
Data,3,record,timestamp,"1098887621",s,position_lat,"-138908512",semicircles,position_long,"1991940352",semicircles,distance,"2478.93",m,heart_rate,"116",bpm,altitude,"-5.399999999999977",m,speed,"10.668",m/s,power,"171",watts,cadence,"83",rpm,enhanced_altitude,"-5.399999999999977",m,enhanced_speed,"10.668",m/s,
Data,3,record,timestamp,"1098887622",s,position_lat,"-138909024",semicircles,position_long,"1991941504",semicircles,distance,"2489.55",m,heart_rate,"115",bpm,altitude,"-5.399999999999977",m,speed,"10.594",m/s,power,"177",watts,cadence,"83",rpm,enhanced_altitude,"-5.399999999999977",m,enhanced_speed,"10.594",m/s,
Data,3,record,timestamp,"1098887623",s,position_lat,"-138909568",semicircles,position_long,"1991942400",semicircles,distance,"2500.06",m,heart_rate,"115",bpm,altitude,"-5.399999999999977",m,speed,"10.532",m/s,power,"177",watts,cadence,"83",rpm,enhanced_altitude,"-5.399999999999977",m,enhanced_speed,"10.532",m/s,
Data,3,record,timestamp,"1098887624",s,position_lat,"-138910192",semicircles,position_long,"1991943424",semicircles,distance,"2510.62",m,heart_rate,"115",bpm,altitude,"-5.399999999999977",m,speed,"10.466",m/s,power,"172",watts,cadence,"83",rpm,enhanced_altitude,"-5.399999999999977",m,enhanced_speed,"10.466",m/s,
Data,3,record,timestamp,"1098887625",s,position_lat,"-138910864",semicircles,position_long,"1991944320",semicircles,distance,"2521.05",m,heart_rate,"114",bpm,altitude,"-5.399999999999977",m,speed,"10.405",m/s,power,"172",watts,cadence,"83",rpm,enhanced_altitude,"-5.399999999999977",m,enhanced_speed,"10.405",m/s,
Data,3,record,timestamp,"1098887626",s,position_lat,"-138911616",semicircles,position_long,"1991945088",semicircles,distance,"2531.44",m,heart_rate,"114",bpm,altitude,"-5.399999999999977",m,speed,"10.355",m/s,power,"178",watts,cadence,"82",rpm,enhanced_altitude,"-5.399999999999977",m,enhanced_speed,"10.355",m/s,
Data,3,record,timestamp,"1098887627",s,position_lat,"-138912416",semicircles,position_long,"1991945856",semicircles,distance,"2541.77",m,heart_rate,"114",bpm,altitude,"-5.399999999999977",m,speed,"10.309",m/s,power,"178",watts,cadence,"82",rpm,enhanced_altitude,"-5.399999999999977",m,enhanced_speed,"10.309",m/s,
Data,3,record,timestamp,"1098887628",s,position_lat,"-138913248",semicircles,position_long,"1991946752",semicircles,distance,"2552.05",m,heart_rate,"114",bpm,altitude,"-5.399999999999977",m,speed,"10.269",m/s,power,"164",watts,cadence,"84",rpm,enhanced_altitude,"-5.399999999999977",m,enhanced_speed,"10.269",m/s,
Data,3,record,timestamp,"1098887629",s,position_lat,"-138914096",semicircles,position_long,"1991947264",semicircles,distance,"2562.16",m,heart_rate,"113",bpm,altitude,"-5.399999999999977",m,speed,"10.212",m/s,power,"164",watts,cadence,"84",rpm,enhanced_altitude,"-5.399999999999977",m,enhanced_speed,"10.212",m/s,
Data,3,record,timestamp,"1098887630",s,position_lat,"-138914976",semicircles,position_long,"1991948032",semicircles,distance,"2572.49",m,heart_rate,"113",bpm,altitude,"-5.399999999999977",m,speed,"10.172",m/s,power,"178",watts,cadence,"84",rpm,enhanced_altitude,"-5.399999999999977",m,enhanced_speed,"10.172",m/s,
Data,3,record,timestamp,"1098887631",s,position_lat,"-138915872",semicircles,position_long,"1991948800",semicircles,distance,"2582.63",m,heart_rate,"113",bpm,altitude,"-5.399999999999977",m,speed,"10.115",m/s,power,"194",watts,cadence,"83",rpm,enhanced_altitude,"-5.399999999999977",m,enhanced_speed,"10.115",m/s,
Data,3,record,timestamp,"1098887632",s,position_lat,"-138916800",semicircles,position_long,"1991949312",semicircles,distance,"2592.63",m,heart_rate,"113",bpm,altitude,"-5.399999999999977",m,speed,"10.104",m/s,power,"194",watts,cadence,"83",rpm,enhanced_altitude,"-5.399999999999977",m,enhanced_speed,"10.104",m/s,
Data,3,record,timestamp,"1098887633",s,position_lat,"-138917760",semicircles,position_long,"1991949824",semicircles,distance,"2602.84",m,heart_rate,"113",bpm,altitude,"-5.399999999999977",m,speed,"10.069",m/s,power,"173",watts,cadence,"84",rpm,enhanced_altitude,"-5.399999999999977",m,enhanced_speed,"10.069",m/s,
Data,3,record,timestamp,"1098887634",s,position_lat,"-138918704",semicircles,position_long,"1991950336",semicircles,distance,"2612.89",m,heart_rate,"113",bpm,altitude,"-5.399999999999977",m,speed,"10.048",m/s,power,"177",watts,cadence,"84",rpm,enhanced_altitude,"-5.399999999999977",m,enhanced_speed,"10.048",m/s,
Data,3,record,timestamp,"1098887635",s,position_lat,"-138919696",semicircles,position_long,"1991950720",semicircles,distance,"2622.82",m,heart_rate,"113",bpm,altitude,"-5.399999999999977",m,speed,"10.023",m/s,power,"193",watts,cadence,"84",rpm,enhanced_altitude,"-5.399999999999977",m,enhanced_speed,"10.023",m/s,
Data,3,record,timestamp,"1098887636",s,position_lat,"-138920704",semicircles,position_long,"1991951104",semicircles,distance,"2632.93",m,heart_rate,"113",bpm,altitude,"-5.399999999999977",m,speed,"10.016",m/s,power,"193",watts,cadence,"84",rpm,enhanced_altitude,"-5.399999999999977",m,enhanced_speed,"10.016",m/s,
Data,3,record,timestamp,"1098887637",s,position_lat,"-138921728",semicircles,position_long,"1991951488",semicircles,distance,"2642.95",m,heart_rate,"113",bpm,altitude,"-5.399999999999977",m,speed,"10.016",m/s,power,"187",watts,cadence,"85",rpm,enhanced_altitude,"-5.399999999999977",m,enhanced_speed,"10.016",m/s,
Data,3,record,timestamp,"1098887638",s,position_lat,"-138922768",semicircles,position_long,"1991951872",semicircles,distance,"2652.88",m,heart_rate,"114",bpm,altitude,"-5.399999999999977",m,speed,"10.003",m/s,power,"187",watts,cadence,"85",rpm,enhanced_altitude,"-5.399999999999977",m,enhanced_speed,"10.003",m/s,
Data,3,record,timestamp,"1098887639",s,position_lat,"-138923824",semicircles,position_long,"1991952000",semicircles,distance,"2662.96",m,heart_rate,"114",bpm,altitude,"-5.399999999999977",m,speed,"9.986",m/s,power,"183",watts,cadence,"85",rpm,enhanced_altitude,"-5.399999999999977",m,enhanced_speed,"9.986",m/s,
Data,3,record,timestamp,"1098887640",s,position_lat,"-138924896",semicircles,position_long,"1991952256",semicircles,distance,"2672.94",m,heart_rate,"115",bpm,altitude,"-5.399999999999977",m,speed,"9.936",m/s,power,"91",watts,cadence,"85",rpm,enhanced_altitude,"-5.399999999999977",m,enhanced_speed,"9.936",m/s,
Data,3,record,timestamp,"1098887641",s,position_lat,"-138925936",semicircles,position_long,"1991952384",semicircles,distance,"2682.74",m,heart_rate,"115",bpm,altitude,"-5.399999999999977",m,speed,"9.808",m/s,power,"91",watts,cadence,"85",rpm,enhanced_altitude,"-5.399999999999977",m,enhanced_speed,"9.808",m/s,
Data,3,record,timestamp,"1098887642",s,position_lat,"-138926976",semicircles,position_long,"1991952384",semicircles,distance,"2692.48",m,heart_rate,"116",bpm,altitude,"-5.399999999999977",m,speed,"9.573",m/s,power,"0",watts,cadence,"0",rpm,enhanced_altitude,"-5.399999999999977",m,enhanced_speed,"9.573",m/s,
